Hub,Betweenness_Centrality,In_Degree,Out_Degree,PageRank,Clustering_Coefficient,Total_Degree
Gurgaon_Bilaspur_HB (Haryana),0.12652501242640135,56,63,0.013179779818570408,0.03768115942028986,119
Bangalore_Nelmngla_H (Karnataka),0.06890490064940576,46,51,0.01200356414137188,0.06050420168067227,97
Hyderabad_Shamshbd_H (Telangana),0.04912570668843476,34,27,0.017189251291684176,0.040998217468805706,61
Pune_Tathawde_H (Maharashtra),0.041015880200061694,24,30,0.007758871424214983,0.07142857142857142,54
Kolkata_Dankuni_HB (West Bengal),0.02953442416258178,16,26,0.006224997276854468,0.023391812865497075,42
Sonipat_Kundli_H (Haryana),0.02872148831244755,18,16,0.005575805772925169,0.05263157894736842,34
Chandigarh_Mehmdpur_H (Punjab),0.026632909960114283,29,26,0.00950693627789643,0.029556650246305417,55
Bhiwandi_Mankoli_HB (Maharashtra),0.026041561429527824,37,58,0.008709878723363946,0.059770114942528735,95
MAA_Poonamallee_HB (Tamil Nadu),0.024565884173816055,18,27,0.005767471700863715,0.04285714285714286,45
Ahmedabad_East_H_1 (Gujarat),0.02219240783920708,20,19,0.0049704325202647925,0.030303030303030304,39
Muzaffrpur_Bbganj_I (Bihar),0.01879383758255643,8,11,0.006535323926718733,0.026143790849673203,19
Jaipur_Hub (Rajasthan),0.016725464760881013,6,7,0.001725705580884405,0.08888888888888889,13
Delhi_Airport_H (Delhi),0.016433831601719354,13,17,0.0037356900576106977,0.06842105263157895,30
Purnia_Central_H_2 (Bihar),0.012874290617494488,3,6,0.0019389188913612415,0.07142857142857142,9
Kurnool_AbbasNgr_I (Andhra Pradesh),0.011793968244988018,5,5,0.0025881553985186204,0.03571428571428571,10
Aluva_Peedika_H (Kerala),0.011791274174233637,9,8,0.003345370996058094,0.02564102564102564,17
Kanpur_Central_H_6 (Uttar Pradesh),0.011501661568137764,9,20,0.0023623159914030333,0.026143790849673203,29
Baharampur_Chuanpur_I (West Bengal),0.010537184238069644,5,3,0.0017208423720786415,0.0,8
Bhopal_Trnsport_H (Madhya Pradesh),0.010026657830114593,10,7,0.0028171085552503345,0.12121212121212122,17
Hubli_Adargchi_IP (Karnataka),0.009501987550699044,5,6,0.0030750584450283595,0.027777777777777776,11
Anantapur_KamaStrt_I (Andhra Pradesh),0.009033219239436886,5,4,0.0025840829483166354,0.06666666666666667,9
Visakhapatnam_Gajuwaka_IP (Andhra Pradesh),0.009027831097928124,4,5,0.001882061393715494,0.07142857142857142,9
Rampur_RoshnBgh_I (Uttar Pradesh),0.008693092806696383,4,7,0.0025331097877366346,0.0,11
Bhubaneshwar_Hub (Orissa),0.00861563827250795,5,6,0.0014767637611223618,0.23809523809523808,11
Udaipur_Mangri_I (Rajasthan),0.007140634534484779,4,4,0.0018304871812744553,0.047619047619047616,8
Durgapur_Central_I_1 (West Bengal),0.006882677259752873,5,3,0.0023631318807048295,0.0,8
Davangere_Central_I_1 (Karnataka),0.0067385444743935305,2,2,0.001738551703020429,0.0,4
Goa_Hub (Goa),0.0067095832137839435,4,3,0.001448930844070526,0.0,7
Guwahati_Hub (Assam),0.00648799589423617,9,5,0.0024003368947366484,0.0,14
Rudrapur_UdhamNgr_H (Uttarakhand),0.006449605385986252,4,4,0.003323416007402297,0.047619047619047616,8
Vijayawada_Rynapadu_H (Andhra Pradesh),0.0063869682409469115,6,4,0.002290012348504956,0.1111111111111111,10
Bengaluru_Bomsndra_HB (Karnataka),0.006074456033438806,23,31,0.005382849539343175,0.2909090909090909,54
Gulbarga_Nehrugnj_I (Karnataka),0.005982184110101284,4,3,0.0025228401488062288,0.0,7
Chitradurga_DC (Karnataka),0.005503986551198794,1,1,0.0005582085288453692,0.0,2
Hiriyur_TahurDPP_D (Karnataka),0.005467616596014661,1,1,0.0004009128417229765,0.0,2
Aurangabad_Central_H_1 (Maharashtra),0.005304625315374657,5,4,0.0023682645234643918,0.047619047619047616,9
Amroha_SamitiRd_D (Uttar Pradesh),0.005103917044173331,2,1,0.0006320309016426858,0.0,3
Ludhiana_MilrGanj_HB (Punjab),0.005062158947480438,8,8,0.003994417901105736,0.1388888888888889,16
Srikakulam_Kuslpram_I (Andhra Pradesh),0.0049476609404192785,3,3,0.0019178927704422686,0.0,6
Warangal_HunterRd_I (Telangana),0.004945640387353493,4,2,0.002110334624472359,0.0,6
Mehsana_Panchot_IP (Gujarat),0.00490927043216936,3,4,0.0018165513838443025,0.06666666666666667,7
Ongole_SubhVRTL_I (Andhra Pradesh),0.004597431742349849,2,3,0.0017665137020609126,0.16666666666666666,5
Villupuram_Thirumtr_IP (Tamil Nadu),0.004547591433393815,3,3,0.0018870924632711395,0.0,6
Nashik_TgrniaRD_I (Maharashtra),0.00454422384495084,2,2,0.0012356574208006858,0.0,4
Gajraula_JawaharN_D (Uttar Pradesh),0.004266734557249677,1,1,0.0004891447193201098,0.0,2
Ajmer_FoySGRRD_I (Rajasthan),0.004236426261262899,4,3,0.0019827168985047327,0.06666666666666667,7
Sasaram_Central_I_2 (Bihar),0.004158298209385873,3,4,0.0014122812350130245,0.06666666666666667,7
Pali_Nayagaon_I (Rajasthan),0.004132704537219261,2,3,0.0011562225747165308,0.3333333333333333,5
Zahirabad_Mohim_D (Telangana),0.003949507725921406,2,1,0.001115813937880243,0.0,3
Narayankhed_Datatrya_D (Telangana),0.003913137770737273,1,2,0.0010538457598898816,0.0,3
Bidar (Karnataka),0.00387676781555314,1,1,0.0009862646960196936,0.0,2
Humnabad_EBroad_D (Karnataka),0.0038403978603690067,1,1,0.0009062898842150705,0.0,2
Khammam_NSTRoad_I (Telangana),0.003797292728298923,4,3,0.0023409400326782847,0.09523809523809523,7
Rajamundry_AtoNgrRd_I (Andhra Pradesh),0.003796619210610328,3,5,0.0022863067521760776,0.06666666666666667,8
Puttaprthi_Gokulam_D (Andhra Pradesh),0.003757555184671815,2,3,0.002106321311428888,0.0,5
Bellary_Dc (Karnataka),0.0037555346316060297,2,3,0.0010729290548271134,0.16666666666666666,5
Jangaon_Hanmkond_D (Telangana),0.0035676231964880093,1,1,0.0013784904649244926,0.0,2
Ghanpur_Palakrty_D (Telangana),0.0035312532413038764,1,1,0.001365672424954719,0.0,2
Kolhapur_Shivaji_I (Maharashtra),0.0034733307200847017,5,4,0.0015766213288108185,0.14285714285714285,9
FBD_Balabhgarh_DPC (Haryana),0.0034396548356549488,10,12,0.003088883250183197,0.047619047619047616,22
Bhatinda_DPC (Punjab),0.0034356137295233785,3,3,0.001308131014336584,0.0,6
Mumbai Hub (Maharashtra),0.00339587618589627,13,15,0.0034981583026690174,0.14285714285714285,28
Moradabad_DC (Uttar Pradesh),0.0032187410337957707,1,1,0.0005151930617686093,1.0,2
Surat_HUB (Gujarat),0.0032066177154010597,5,8,0.0013818913315571894,0.32142857142857145,13
Hyderabad_Uppal_I (Telangana),0.003040258846318081,4,4,0.0015635986159070196,0.0,8
Vellore_GndhiNgr_IP (Tamil Nadu),0.0030025418557567576,2,4,0.000952197458154192,0.0,6
Chittaurgarh_DC (Rajasthan),0.0030025418557567576,2,2,0.0014190053088303128,0.0,4
Nowda_AmtlaDPP_D (West Bengal),0.0029641513475068396,1,2,0.0012674573806436495,0.0,3
Pondicherry_Vasanthm_I (Pondicherry),0.0029318224984542767,2,1,0.001496506286504265,0.0,3
Nowda_ArhamDPP_D (West Bengal),0.0029277813923227064,1,1,0.001234945352906916,0.0,2
Hassan_Pandrnga_I (Karnataka),0.002918352144682376,4,4,0.0019287573922522252,0.0,8
Nazirpur_Central_D_1 (West Bengal),0.0028914114371385736,1,1,0.0011968050743199805,0.0,2
Domkal_Central_D_2 (West Bengal),0.0028550414819544403,2,1,0.0011507879270732406,0.0,3
Nalgonda_HydRoad_DC (Telangana),0.0027796075008317944,1,1,0.0008630881818699742,0.0,2
Pulivendula_RTCStand_D (Andhra Pradesh),0.002777586947766009,1,2,0.0009808570474254088,0.0,3
Shimoga_DC (Karnataka),0.002773545841634439,1,1,0.0007557727070359169,0.0,2
Kadi_KaranNGR_D (Gujarat),0.0027674841824370834,2,1,0.0009648627269178576,1.0,3
Suryapet_Krishna_D (Telangana),0.002743237545647661,1,1,0.0007594132639167588,0.0,2
Rayachoti_Madnpali_D (Andhra Pradesh),0.002741216992581876,1,1,0.0009015643886002137,0.0,2
Sagara_Vardhard_D (Karnataka),0.0027371758864503056,1,1,0.0006330455896317272,0.0,2
Kadiri_GVManu_D (Andhra Pradesh),0.002704847037397743,1,1,0.0008037499685791011,0.0,2
Sirsi_Vidygiri_D (Karnataka),0.002700805931266173,1,1,0.0004889032805283298,0.0,2
Mainpuri_Agraroad_I (Uttar Pradesh),0.002609207525617245,2,2,0.0008451006594893312,0.0,4
Ranchi_Hub (Jharkhand),0.00260718697255146,4,7,0.0010182472438127154,0.09523809523809523,11
Mysore_Yadvgiri_IP (Karnataka),0.002578899229630468,3,2,0.0019669655840451345,0.0,5
Cuddalore_KtsiGrsm_D (Tamil Nadu),0.0025674494289243516,1,1,0.0014787571299449064,0.0,2
Allahabad_Central_H_1 (Uttar Pradesh),0.00254589686288931,2,4,0.00035501528680028673,0.0,6
Bengaluru_KGAirprt_HB (Karnataka),0.00254589686288931,8,16,0.0016888330148244703,0.39285714285714285,24
Dharmavram_SaiNgr_D (Andhra Pradesh),0.002522997261477078,1,1,0.0007996365980320644,0.0,2
Vadodara_Karelibaug_DPC (Gujarat),0.0024165814666790592,3,4,0.0016872800992680204,0.5,7
Challakere_Shivangr_D (Karnataka),0.002379537993806331,1,1,0.0008556193083668203,0.0,2
Molakalmuru_KnsgraRD_D (Karnataka),0.0023431680386221984,2,1,0.0007513436688499425,0.0,3
Anand_Vaghasi_IP (Gujarat),0.0023411474855564132,5,2,0.00252285674404549,0.2,7
Thrissur_Poothole_D (Kerala),0.002313533260324016,2,2,0.0013226429707011724,0.0,4
Chennai_Chrompet_DPC (Tamil Nadu),0.0022832249643372385,6,4,0.0015154553829123585,0.13333333333333333,10
Silchar_Sirikona_H (Assam),0.0022812044112714533,2,2,0.0016763321492917443,0.0,4
Chidambaram_ARBNorth_DC (Tamil Nadu),0.0022030763593944265,1,1,0.0014744472780528592,0.0,2
Jabalpur_Adhartal_IP (Madhya Pradesh),0.002195667664819881,2,4,0.0013300263833818588,0.0,6
Kolar_Ambedkar_D (Karnataka),0.0021882589702453357,2,1,0.0007211854795514856,0.0,3
Chomu_ShsmlDPP_D (Rajasthan),0.0021862384171795505,1,1,0.00044732762820149936,0.0,2
Hisar_ModelTwn_P (Haryana),0.00218219731104798,1,4,0.0004187947164389188,0.16666666666666666,5
Aligarh_KhirByps_I (Uttar Pradesh),0.002172094545719054,2,1,0.0005207916451158061,0.0,3
Kollam_Central_H_1 (Kerala),0.002010450300456241,2,2,0.0012748121982408466,0.0,4
Kamareddy_Devenply_I (Telangana),0.002010450300456241,1,2,0.0010907304500253332,0.0,3
Thakurdwara_Fathuluh_D (Uttar Pradesh),0.001990244769798389,1,1,0.001128979462381168,0.0,2
Vaijiapur_YeolaRD_D (Maharashtra),0.001990244769798389,1,1,0.001089562868929816,0.0,2
Rajsamand_kankroli_D (Rajasthan),0.0019862036636668187,1,1,0.0009553066187557707,0.0,2
Jalandhar_DPC (Punjab),0.001963977579943182,6,3,0.0034734814955794074,0.2,9
Kanth_Dayanand_D (Uttar Pradesh),0.0019538748146142562,1,1,0.0010702366633379352,0.0,2
Kopargaon_NkshtrPz_D (Maharashtra),0.0019538748146142562,1,1,0.001022697169996404,0.0,2
Bhilwara_DC (Rajasthan),0.001949833708482686,1,1,0.0008680578035638168,0.0,2
Mumbai_Sanpada_I (Maharashtra),0.0019235665186274787,9,6,0.0017069276983797817,0.06666666666666667,15
Haridwar (Uttarakhand),0.0019215459655616935,3,3,0.0018340595054378752,0.16666666666666666,6
Shirdi_SaiBansi_D (Maharashtra),0.0019175048594301232,1,1,0.0009470158216523639,0.0,2
Dhampur_NaginaRD_D (Uttar Pradesh),0.0019175048594301232,1,1,0.001003824867078855,0.0,2
Hospet (Karnataka),0.0018845024926889655,2,2,0.0013227914797888562,0.3333333333333333,4
Shrirampur_DavkharRd_D (Maharashtra),0.0018811349042459902,1,1,0.0008583209268288454,0.0,2
Najibabad_KotdwrRD_D (Uttar Pradesh),0.0018811349042459902,1,1,0.0009246651562337494,0.0,2
Solapur_Central_I_2 (Maharashtra),0.0018488060551934274,4,4,0.001291842409744554,0.3,8
Sangamner_JawanChk_D (Maharashtra),0.0018447649490618571,1,1,0.0007537912195826578,0.0,2
Bijnor_NaginaRd_D (Uttar Pradesh),0.0018447649490618571,1,1,0.0008313920091437615,0.0,2
Nanjangud_RPRoad_D (Karnataka),0.001842070878307477,1,1,0.0011322921738936916,0.0,2
Channaraya_patna_D (Karnataka),0.001842070878307477,1,1,0.0005630951253618786,0.0,2
Sirkazhi_Pngktgudi_D (Tamil Nadu),0.0018387032898645017,1,1,0.0014708531217435597,0.0,2
Mulbagal_Sunku_D (Karnataka),0.0018259064537811955,1,1,0.0008303727774535961,0.0,2
Reengus_Shop2DPP_D (Rajasthan),0.0018252329360926006,1,1,0.0005977585849679793,0.0,2
Chandpur_NorprRD_D (Uttar Pradesh),0.001808394993877724,2,1,0.0007213553706326354,0.0,3
Sinnar_Central_D_1 (Maharashtra),0.001808394993877724,1,1,0.000630908196808337,0.0,2
Narsapur_Xroad_D (Telangana),0.0016097072757421827,1,1,0.0010271064299819898,0.0,2
Gwalior_HrihrNgr_I (Madhya Pradesh),0.0016083602403649928,3,3,0.0007675908863505592,0.0,6
Sagardighi_UtBzrDPP_D (West Bengal),0.0016029720988562323,1,2,0.0008065557981091927,0.0,3
Dehradun (Uttarakhand),0.0015982574750360668,2,2,0.00111866324954661,0.0,4
Ambajogai_BnsllNgr_D (Maharashtra),0.0015935428512159015,1,1,0.0010560602911698965,0.0,2
Jhalda_GMukrDPP_D (West Bengal),0.0015935428512159015,1,1,0.0010939634164150625,0.0,2
Chinnasalem_VkotRoad_D (Tamil Nadu),0.0015935428512159015,1,1,0.0011248794409542148,0.0,2
Plassey_BtaiRoad_D (West Bengal),0.0015888282273957362,1,3,0.000974322756036695,0.0,4
Firozabad_Sudmpuri_D (Uttar Pradesh),0.0015888282273957362,1,1,0.0007717542831819814,0.0,2
Pennadam_EastmnRD_D (Tamil Nadu),0.0015571728960317684,1,1,0.001069786402325448,0.0,2
Parli_JirgeNgr_D (Maharashtra),0.0015571728960317684,1,1,0.0009870836577661848,0.0,2
Purulia_GariDPP_D (West Bengal),0.0015571728960317684,1,1,0.0010299373070403886,0.0,2
Shikohabad_Katrmira_D (Uttar Pradesh),0.0015524582722116031,1,1,0.0006519586961486612,0.0,2
Nakashipara_MaxDPP_D (West Bengal),0.0015524582722116031,1,1,0.0008902600933263048,0.0,2
Hura_Central_D_1 (West Bengal),0.0015208029408476354,2,1,0.0009556716325595627,0.0,3
Virudhchlm_SelamRd_D (Tamil Nadu),0.0015208029408476354,1,1,0.0010010602593828783,0.0,2
Gangakher_Busstand_D (Maharashtra),0.0015208029408476354,1,1,0.0009047862168721995,0.0,2
Del_Okhla_PC (Delhi),0.0015181088700932553,3,9,0.0007921160445466873,0.09523809523809523,12
Chapra_NagarDPP_D (West Bengal),0.00151608831702747,2,1,0.0007914578728420983,0.0,3
Neyveli_NJVNgr_D (Tamil Nadu),0.0014844329856635024,1,1,0.0009233577047008673,0.0,2
Loha_SivjiCWK_D (Maharashtra),0.0014844329856635024,1,1,0.0008088725648096545,0.0,2
Rghunthpur_barkarRd_D (West Bengal),0.0014844329856635024,1,2,0.0008673840490308386,0.0,3
Berhampore_Central_I_2 (West Bengal),0.0014817389149091222,5,3,0.0018604755883999378,0.0,8
Katwa_BSarani_D (West Bengal),0.001479718361843337,1,2,0.0006745875396125574,0.0,3
Nagamangala_MandyaRD_D (Karnataka),0.001477024291088957,1,1,0.0006964602766560533,0.0,2
Gundlupet_Swamylyt_D (Karnataka),0.0014763507734003617,1,1,0.0011841534478011686,0.0,2
Dhanbad_Kalynpur_I (Jharkhand),0.0014750037380231718,6,2,0.0027624017859861406,0.047619047619047616,8
Karaikal_Thalthru_DC (Pondicherry),0.0014743302203345766,1,1,0.0014585989544491894,0.0,2
Chintamani_Central_D_2 (Karnataka),0.0014635539373170558,1,1,0.0009234739333972796,0.0,2
Sikar_FatehpRd_I (Rajasthan),0.0014628804196284606,1,2,0.0007257208768249375,0.0,3
Noida_Sector02_C (Uttar Pradesh),0.0014494100658565595,2,3,0.0005842934724540228,0.3333333333333333,5
Panruti_GandhiRd_D (Tamil Nadu),0.0014480630304793695,1,1,0.0008285489262290682,0.0,2
Mejia_Central_D_1 (West Bengal),0.0014480630304793695,1,1,0.0007638724977827544,0.0,2
Nanded_Aswningr_I (Maharashtra),0.0014480630304793695,2,1,0.0006953397230261628,0.0,3
Medak_Dwaraka_D (Telangana),0.0012089642510281248,1,1,0.0009523437385563833,0.0,2
Adoor_Town_D (Kerala),0.0012062701802737445,1,1,0.0010241056374986094,0.0,2
Jangipur_Central_D_1 (West Bengal),0.0012042496272079593,1,1,0.0006929429614310421,0.0,2
Nasirabad_Central_DPP_2 (Rajasthan),0.0012022290741421741,1,1,0.0006929429614310421,0.0,2
Nanoor_Central_DPP_1 (West Bengal),0.0012022290741421741,1,1,0.0006929429614310421,0.0,2
Kadaba_AnugrDPP_D (Karnataka),0.0012022290741421741,1,1,0.0006929429614310421,0.0,2
Triveninganj_Central_D_1 (Bihar),0.0011961674149448187,1,1,0.001162135375895327,0.0,2
Pithorgarh_Kumud_D (Uttarakhand),0.0011961674149448187,1,1,0.0010280700403801817,0.0,2
Haliya_PeroorRD_D (Telangana),0.0011961674149448187,1,1,0.0009866615718675201,0.0,2
Benipatti_WardNo1_D (Bihar),0.0011961674149448187,1,1,0.0014189737892951468,0.0,2
Paithan_SantaNGR_D (Maharashtra),0.0011961674149448187,1,1,0.0009867842858463018,0.0,2
Gadag_Cdosclrd_D (Karnataka),0.0011961674149448187,1,1,0.0011358491038065573,0.0,2
Rayaparthi_Perkadrd_D (Telangana),0.0011961674149448187,1,2,0.0010895909664156306,0.0,3
Pazhayannur_AlathurRD_D (Kerala),0.0011961674149448187,1,1,0.0009087767953782311,0.0,2
Paralakhemundi_Ward14_D (Orissa),0.0011961674149448187,1,1,0.001123793148776607,0.0,2
Kalyandurg_Shankrpa_D (Andhra Pradesh),0.0011961674149448187,1,1,0.0010189695332437666,0.0,2
Sandur_WrdN1DPP_D (Karnataka),0.0011941468618790335,1,1,0.0008086136090163729,1.0,2
Mumbai_MiraRd_IP (Maharashtra),0.001162491530515066,10,5,0.0017204953803184706,0.1,15
Devarakonda_DindiRD_D (Telangana),0.0011597974597606856,2,1,0.0009048042130386007,0.3333333333333333,3
Rona_GadagRD_D (Karnataka),0.0011597974597606856,1,1,0.0010802409909668113,0.0,2
Almora_SuzkiSrv_D (Uttarakhand),0.0011597974597606856,1,1,0.0009536082860502357,0.0,2
Shevgaon_VidyaNgr_D (Maharashtra),0.0011597974597606856,1,1,0.0009047574278102874,0.0,2
Madhepura_Krishnpr_D (Bihar),0.0011597974597606856,1,1,0.0011109448560180106,0.0,2
Shoranur_KdrShrRd_D (Kerala),0.0011597974597606856,1,1,0.0008128065718627778,0.0,2
Pupri_SngihiRD_D (Bihar),0.0011597974597606856,1,1,0.0014146877087793971,0.0,2
Yellandu_Sudimala_D (Telangana),0.0011597974597606856,1,1,0.0010265654857082422,0.0,2
Rayadurgam_RailGate_D (Andhra Pradesh),0.0011597974597606856,2,1,0.0009429832212450425,0.0,3
Palasa_Central_DPP_1 (Andhra Pradesh),0.0011597974597606856,1,1,0.0010669716226479114,0.0,2
Bagalkot_Sector4_D (Karnataka),0.0011234275045765526,1,1,0.0010143550648901893,0.0,2
Mahbubabad_Yellanda_D (Telangana),0.0011234275045765526,1,1,0.0009521422487977687,0.0,2
Tekkali_AmvdiDPP_D (Andhra Pradesh),0.0011234275045765526,1,1,0.0009992413824277241,0.0,2
Sitamari_Durma_D (Bihar),0.0011234275045765526,2,1,0.0014084020371204638,0.3333333333333333,3
Guntakal_Verpatem_D (Andhra Pradesh),0.0011234275045765526,1,2,0.0008549684457750828,0.0,3
Ranikhet_Subhash_D (Uttarakhand),0.0011234275045765526,1,1,0.0008658594698930204,0.0,2
Saharsa_Gangjala_D (Bihar),0.0011234275045765526,2,1,0.0010510538654197577,0.3333333333333333,3
Georai_Bazarrd_D (Maharashtra),0.0011234275045765526,1,1,0.0008085867941025258,0.0,2
Sankaramangalam_Central_D_1 (Kerala),0.0011234275045765526,1,1,0.000700386502547809,0.0,2
Krishnarajpet_MuruPost_D (Karnataka),0.0011119777038704366,1,1,0.000809570478889507,0.0,2
Chamarjngr_BrDbleRd_D (Karnataka),0.0011106306684932467,1,1,0.0012231435124234874,0.0,2
Nagapttinm_Sttyapar_D (Tamil Nadu),0.0011099571508046515,1,1,0.0014526967829152125,0.0,2
Bangalore_East_I_20 (Karnataka),0.0011012014208529159,1,2,0.0010030803472766841,0.0,3
Hanumangarh_DC (Rajasthan),0.0011012014208529159,2,2,0.0008725357296011198,0.0,4
Mumbai_East_I_21 (Maharashtra),0.0010978338324099406,4,3,0.0016804758154317337,0.0,7
Lakhnadon_Central_DPP_1 (Madhya Pradesh),0.0010971603147213456,1,1,0.0004910371014075854,0.0,2
BilaspurHP_Indsarea_D (Himachal Pradesh),0.0010931192085897753,1,1,0.0005734677739729997,0.0,2
Alwar_Central_I_1 (Rajasthan),0.0010931192085897753,1,1,0.0004164619124804985,0.0,2
Kurukshetra_DC (Haryana),0.0010931192085897753,1,1,0.0005228592956063302,0.0,2
Bhavnagar_ChtrGIDC_IP (Gujarat),0.0010931192085897753,1,1,0.0004102003491992421,0.0,2
Akbarpur_NehruNGR_D (Uttar Pradesh),0.0010931192085897753,1,1,0.0003516261226334473,0.0,2
Gooty_StatonRd_D (Andhra Pradesh),0.0010870575493924196,1,1,0.0007499245036276451,0.0,2
Narasnpeta_HudcoDPP_D (Andhra Pradesh),0.0010870575493924196,1,1,0.0009199880799233072,0.0,2
Beed_JalnaRd_D (Maharashtra),0.0010870575493924196,1,1,0.0006950604853740823,0.0,2
Ramdurg_GndhiNGR_D (Karnataka),0.0010870575493924196,2,1,0.0009374017048889695,0.0,3
Nainital_Sookhtal_D (Uttarakhand),0.0010870575493924196,1,1,0.0007627026044556818,0.0,2
Kadthal_GndhiDPP_D (Telangana),0.0010870575493924196,1,2,0.0006326351581511245,0.3333333333333333,3
Khanpur_Nrsampt_D (Telangana),0.0010870575493924196,1,1,0.000864211162086237,0.0,2
Arimbur_Veluthur_D (Kerala),0.0010870575493924196,1,1,0.0005678045400999199,0.0,2
Roorkee_Dc (Uttarakhand),0.0010850369963266344,1,1,0.000520590800152602,1.0,2
Dandeli_RKComplx_D (Karnataka),0.0010203792982215092,1,2,0.0008298788572202426,0.0,3
Mallapur_ShtDRDPP_D (Karnataka),0.0009840093430373762,1,1,0.0007202395091014395,0.0,2
Karwar_Central_D_1 (Karnataka),0.0009476393878532431,1,1,0.0005914376783784688,0.0,2
Yellareddy_JKRoad_D (Telangana),0.0008082212263140667,2,1,0.0008645206923768348,0.0,3
Pthnmthitt_Klskhrpt_D (Kerala),0.0008062006732482815,1,1,0.0009509118336412393,0.0,2
Guna_Raghogrh_D (Madhya Pradesh),0.0008062006732482815,1,2,0.0007667591708678327,0.3333333333333333,3
Ragunthgnj_GopalDPP_D (West Bengal),0.0008041801201824964,1,1,0.0005593467486189711,0.0,2
Sullia_Srirampt_D (Karnataka),0.0008028330848053062,1,1,0.0005593467486189711,0.0,2
Bolpur_WebelDPP_D (West Bengal),0.0008028330848053062,2,1,0.0005593467486189711,0.0,3
Kekri_LxmntDPP_D (Rajasthan),0.0008028330848053062,1,1,0.0005593467486189711,0.0,2
Pratapgarh_Nimachrd_D (Rajasthan),0.0008021595671167112,2,2,0.000757121115105085,0.3333333333333333,4
Raikot_DC (Punjab),0.0008014860494281161,1,1,0.0005593467486189711,0.0,2
Merta_Central_DPP_1 (Rajasthan),0.0008014860494281161,1,1,0.0005593467486189711,0.0,2
Nadaun_Ward6_D (Himachal Pradesh),0.0008014860494281161,1,1,0.0005593467486189711,0.0,2
Budhana_Busstand_D (Uttar Pradesh),0.0008014860494281161,1,1,0.0005593467486189711,0.0,2
Palakonda_VadaiDPP_D (Andhra Pradesh),0.0008014860494281161,1,1,0.0005593467486189711,0.0,2
PaontSahib_Gurudwar_D (Himachal Pradesh),0.0008014860494281161,1,1,0.0005593467486189711,0.0,2
Sathupally_VidyaNGR_D (Telangana),0.0008014860494281161,1,1,0.0005593467486189711,0.0,2
Mumbai_Chndivli_PC (Maharashtra),0.0008014860494281161,4,4,0.0008275018967996941,0.0,8
Irinjlkuda_Greens_D (Kerala),0.0008014860494281161,1,1,0.0005593467486189711,0.0,2
Jammikunta_ConduDPP_D (Telangana),0.0008014860494281161,1,1,0.0005593467486189711,0.0,2
Achrol_BgwriDPP_D (Rajasthan),0.0008014860494281161,1,1,0.0005593467486189711,0.0,2
Jaora_RtlamNka_D (Madhya Pradesh),0.0008014860494281161,1,1,0.0005593467486189711,0.0,2
Bengaluru_Hoodi_IP (Karnataka),0.0008001390140509261,6,3,0.0013811009877372762,0.3333333333333333,9
Hyderabad_Alwal_I (Telangana),0.0008001390140509261,2,1,0.0010562186587730242,0.0,3
Ukkadagatri_Tuminkte_D (Karnataka),0.0007981184609851408,1,1,0.0012302246595624724,0.0,2
Deesa_HawaiPlr_DC (Gujarat),0.0007981184609851408,1,1,0.000857725231752665,0.0,2
Kavali_Kacheri_D (Andhra Pradesh),0.0007981184609851408,1,1,0.00126236468638883,0.0,2
Chetpet_Blmrgnst_D (Tamil Nadu),0.0007981184609851408,1,1,0.0006968998056743181,0.0,2
Tuni_Eaglvari_D (Andhra Pradesh),0.0007981184609851408,1,1,0.0009316178665585684,0.0,2
Chincholi_Mainroad_D (Karnataka),0.0007981184609851408,1,2,0.0010831130636701992,0.0,3
Srisailam_Sishumdr_D (Andhra Pradesh),0.0007981184609851408,1,1,0.00088971509955613,0.0,2
Wanaparthy_VallaDPP_D (Telangana),0.0007981184609851408,1,1,0.0008990872513557654,0.0,2
Vizianagaram_NcsRd_DC (Andhra Pradesh),0.0007981184609851408,1,1,0.0008786136536160826,0.0,2
Raxaul_KairiyaT_D (Bihar),0.0007981184609851408,1,1,0.0009015395170193068,0.0,2
Jhunir_BhaRDDPP_D (Punjab),0.0007981184609851408,1,1,0.0007457063295456812,0.0,2
Manjhaul_Purbari_D (Bihar),0.0007981184609851408,1,1,0.0008962034816922546,0.0,2
JhumriTlya_RadhaCpx_D (Jharkhand),0.0007981184609851408,1,1,0.0006447775394392982,0.0,2
Badarpur_Konapara_D (Assam),0.0007981184609851408,1,1,0.0010901245504769984,0.0,2
Thirumalagiri_Xroad_D (Telangana),0.0007981184609851408,1,1,0.0007264494216599047,0.0,2
Khedbrahma_Patelfli_D (Gujarat),0.0007981184609851408,1,1,0.00083688471304627,0.0,2
Dhrangadhra_NvygRDPP_D (Gujarat),0.0007981184609851408,1,1,0.0006869671531107805,0.0,2
BariSadri_BhmprDPP_D (Rajasthan),0.0007981184609851408,1,1,0.0009603394668310208,0.0,2
Jagdishpur_Wardno13_D (Bihar),0.0007981184609851408,1,1,0.0007852697716200543,0.0,2
Jhanjharpur_Nagar_D (Bihar),0.0007981184609851408,1,1,0.0008801828937571157,0.0,2
Mahoba_Mlkpura_D (Uttar Pradesh),0.0007981184609851408,1,1,0.0006313260042167127,0.0,2
Narktiganj_Central_DPP_2 (Bihar),0.0007981184609851408,1,1,0.0008267102029007582,0.0,2
Pavagada_PnukndRD_D (Karnataka),0.0007981184609851408,1,1,0.001421630768931708,0.0,2
Aonla_KdidmCLY_D (Uttar Pradesh),0.0007981184609851408,1,1,0.0007024965948630063,0.0,2
Kashipur_BajprDPP_D (Uttarakhand),0.0007981184609851408,1,1,0.0010263349187541488,0.0,2
Jadcherla_Badeplly_D (Telangana),0.0007981184609851408,1,1,0.0008649592921341845,0.0,2
Aland_RazaviRd_D (Karnataka),0.0007981184609851408,1,1,0.0010794757975934545,0.0,2
Akola_Gaurkshn_I (Maharashtra),0.0007630955411781979,3,2,0.0006556445966275051,0.0,5
HBR Layout PC (Karnataka),0.0007630955411781979,10,7,0.0016186464567777155,0.3,17
Vapi_IndEstat_I (Gujarat),0.0007624220234896029,2,2,0.0008517881710207952,0.3333333333333333,4
Kashipur_Vaishali_D (Uttarakhand),0.0007617485058010079,1,1,0.0009513857459022861,0.0,2
Bijnapally_nagar_D (Telangana),0.0007617485058010079,1,1,0.0007614839455469877,0.0,2
Chandausi_Ganesh_D (Uttar Pradesh),0.0007617485058010079,1,1,0.0005703842971000363,0.0,2
Kakinada_DC (Andhra Pradesh),0.0007617485058010079,2,1,0.0008400660886622634,0.0,3
Motihari_RajaBzr_D (Bihar),0.0007617485058010079,2,1,0.0008052720483769835,0.0,3
Mansa_GreenVly_D (Punjab),0.0007617485058010079,1,1,0.0006212494448744226,0.0,2
Dumraon_Nishangr_D (Bihar),0.0007617485058010079,1,1,0.0006678519953982045,0.0,2
Kandukur_LICOffce_D (Andhra Pradesh),0.0007617485058010079,2,1,0.0012294178877640402,0.0,3
Mothkur_Mainroad_D (Telangana),0.0007617485058010079,1,1,0.0005987756998947496,0.0,2
JoguGadwal_ColctrOf_D (Telangana),0.0007617485058010079,1,1,0.0008022172589027212,0.0,2
Polur_StationRD_D (Tamil Nadu),0.0007617485058010079,1,1,0.0005639881433458158,0.0,2
Benipur_Javahar_D (Bihar),0.0007617485058010079,1,1,0.0007801164587013575,0.0,2
Halvad_CrossRD_D (Gujarat),0.0007617485058010079,1,1,0.0005522572252420554,0.0,2
Karimganj_Alngjuri_D (Assam),0.0007617485058010079,1,1,0.001025547771659192,0.0,2
Bettiah_BypassRd_D (Bihar),0.0007617485058010079,1,1,0.0007171319197356169,0.0,2
Hazaribag_BodomBzr_DC (Jharkhand),0.0007617485058010079,1,1,0.0005026313341228399,0.0,2
Bheemunipatnam_SaiTempl_D (Andhra Pradesh),0.0007617485058010079,1,1,0.000777980742490674,0.0,2
Banda_GayatriN_D (Uttar Pradesh),0.0007617485058010079,1,1,0.00048683118962814344,0.0,2
Atmakur_IndraNgr_D (Andhra Pradesh),0.0007617485058010079,1,1,0.0007911825545166301,0.0,2
Haveri_GuttalRD_D (Karnataka),0.0007617485058010079,1,1,0.0011949583213019263,0.0,2
Modasa_Central_D_1 (Gujarat),0.0007617485058010079,1,1,0.0007289654002674349,0.0,2
Madakasira_RTCStand_D (Andhra Pradesh),0.0007617485058010079,1,1,0.0014237405595685921,0.0,2
Palanpur_DC (Gujarat),0.0007617485058010079,1,1,0.0007535017486516388,0.0,2
Neemuch_KarjuDPP_D (Madhya Pradesh),0.0007617485058010079,1,1,0.000874114935851318,0.0,2
Sedam_DBRCmplx_D (Karnataka),0.0007617485058010079,1,1,0.00102083246765928,0.0,2
Indi_SindgiRD_D (Karnataka),0.0007617485058010079,1,1,0.0010165364729179441,0.0,2
Rusera_Wardno4_D (Bihar),0.0007617485058010079,1,1,0.0007989868265264106,0.0,2
Deoband_Ramvlg_D (Uttar Pradesh),0.0007604014704238177,1,1,0.0006577379267701367,0.0,2
Thiruvarur_Bypasrd_D (Tamil Nadu),0.0007556868466036523,3,2,0.0024586765981228957,0.16666666666666666,5
Koppa_BMRd_D (Karnataka),0.0007469311166519166,1,1,0.0009056538443071777,0.0,2
Kollegala_NarsipuraRd_D (Karnataka),0.0007449105635861314,1,1,0.0012555088145156943,0.0,2
Noida_Sec 02_DPC (Uttar Pradesh),0.000740195939765966,8,2,0.002710454912755253,0.0,10
Jamtara_D (Jharkhand),0.0007375018690115859,1,1,0.00169196675192935,0.0,2
Malur_NharuExt_D (Karnataka),0.0007341342805686106,1,1,0.0006585701848030773,0.0,2
Chhindwara_NagpurRd_D (Madhya Pradesh),0.0007341342805686106,1,1,0.0006349153078742799,0.0,2
Nawalgarh_NavldiDPP_D (Rajasthan),0.0007327872451914205,1,1,0.0005229247729989286,0.0,2
Amreli_MrktYrd_DC (Gujarat),0.0007300931744370402,1,1,0.0005663040069655949,0.0,2
Pukhrayan_Arulimod_D (Uttar Pradesh),0.0007300931744370402,1,1,0.0005163636873832031,0.0,2
Bharatpur_NraynDPP_D (Rajasthan),0.0007300931744370402,1,1,0.000571508732447467,0.0,2
SundarNgr_Bhogpur_D (Himachal Pradesh),0.0007300931744370402,1,1,0.0007051122749407215,0.0,2
Pehowa_WdN14DPP_D (Haryana),0.0007300931744370402,1,1,0.0006620032465849454,0.0,2
Satna_Central_I_2 (Madhya Pradesh),0.0007294196567484452,2,1,0.0015699246458001621,0.3333333333333333,3
Godhra_DC (Gujarat),0.0007287461390598501,2,1,0.0006172401839744565,0.0,3
Nandyal_SrnvsNgr_D (Andhra Pradesh),0.0007287461390598501,1,1,0.0006143169330700725,0.0,2
Allahabad_Central_D_5 (Uttar Pradesh),0.0007287461390598501,1,1,0.00031463646797341927,0.0,2
Jhajjar_DC (Haryana),0.0007287461390598501,1,1,0.0003876680829248032,0.0,2
GZB_Mohan_Nagar_DPC (Uttar Pradesh),0.0007287461390598501,3,1,0.0020320432709467124,0.0,4
Dholi_WardNo4_D (Bihar),0.0007287461390598501,1,1,0.0008217230282253421,0.0,2
Chennai_Porur_DPC (Tamil Nadu),0.0007287461390598501,2,1,0.0007034652928356124,0.0,3
Mohania_Bhabua_D (Bihar),0.0007287461390598501,1,1,0.0005380982297560424,0.0,2
Chhibramau_Bhainpura_D (Uttar Pradesh),0.0007287461390598501,1,1,0.0005015316751944905,0.0,2
Morgram_Kntgorya_D (West Bengal),0.0007287461390598501,2,2,0.0013413565552354196,0.0,4
Narsinghgarh_Central_D_1 (Madhya Pradesh),0.0007287461390598501,1,1,0.0005334538666298813,0.0,2
Sindagi_KalyanNg_D (Karnataka),0.0007253785506168748,1,1,0.0009419956654165073,0.0,2
Raichur_LSRoad_DC (Karnataka),0.0007253785506168748,1,1,0.0006878243462475084,0.0,2
Buxar_Sarswati_D (Bihar),0.0007253785506168748,1,1,0.0005297352986592285,0.0,2
Vadnagar_BsstdDPP_D (Gujarat),0.0007253785506168748,1,1,0.0006307745950513018,0.0,2
Chakia_Wardno10_D (Bihar),0.0007253785506168748,1,2,0.0006913483506448624,0.0,3
Dhaka_PchpkrRD_D (Bihar),0.0007253785506168748,1,1,0.0005877055603786631,0.0,2
Mahabubnagar_DC (Telangana),0.0007253785506168748,1,1,0.000640185030032686,0.0,2
Fatehpur_Kotwali_D (Uttar Pradesh),0.0007253785506168748,1,1,0.00031689893987550243,0.0,2
Hindupur_Parigi_D (Andhra Pradesh),0.0007253785506168748,2,1,0.001416904841582832,0.0,3
DalsinghSarai_Wardno13_D (Bihar),0.0007253785506168748,1,1,0.0006839576429152878,0.0,2
Himmatnagar_DC (Gujarat),0.0007253785506168748,1,1,0.0006019015230078498,0.0,2
Chandigarh_Kharar_DC (Chandigarh),0.0007253785506168748,1,2,0.00046754718209345383,0.3333333333333333,3
Nandikotkr_UmarDPP_D (Andhra Pradesh),0.0007253785506168748,1,1,0.0006748469078590319,0.0,2
Mandapeta_Mainrd_D (Andhra Pradesh),0.0007253785506168748,1,2,0.0007324308110266357,0.0,3
Hailakandi_kalibari_D (Assam),0.0007253785506168748,1,1,0.0009516570163181464,0.0,2
Darbhanga (Bihar),0.0007253785506168748,1,1,0.0006617682315213484,0.0,2
Kanigiri_Tiglgndi_D (Andhra Pradesh),0.0007253785506168748,2,2,0.0011934384342168168,0.0,4
Ranebennur_SriRmNGR_D (Karnataka),0.0007253785506168748,1,1,0.0011505474364180842,0.0,2
Chittapur_GlbrgaRD_D (Karnataka),0.0007253785506168748,1,1,0.0009470628224846981,0.0,2
Nimbahera_MsjidDPP_D (Rajasthan),0.0007253785506168748,1,1,0.0007725436399280257,0.0,2
Visakhapatnam_VislkNgr_DC (Andhra Pradesh),0.0007253785506168748,1,1,0.0006592550525138377,0.0,2
Ramgarh_HotelPrk_D (Jharkhand),0.0007253785506168748,1,1,0.00033547696092660405,0.0,2
Ramnagar_BhwniGnj_D (Uttarakhand),0.0007253785506168748,1,1,0.0008632921507085868,0.0,2
Arani_KrthiKyn_D (Tamil Nadu),0.0007253785506168748,1,1,0.00040762388476703543,0.0,2
Sambhal_Khwssrai_D (Uttar Pradesh),0.0007253785506168748,1,1,0.00041486993427628654,0.0,2
Gandhidham_Sector1A_IP (Gujarat),0.0007253785506168748,1,1,0.00039369565668670795,0.0,2
Bhuvanagiri_HBColny_D (Telangana),0.0007253785506168748,1,1,0.0004485320546669619,0.0,2
TalwandiSabo_Wardno3_D (Punjab),0.0007253785506168748,1,1,0.00047491882800042545,0.0,2
Muzaffrngr_MhmodNgr_D (Uttar Pradesh),0.0007240315152396848,1,1,0.0005178441115487935,0.0,2
Banswada_Menagrdn_D (Telangana),0.0004074782016000086,1,2,0.0007612946734946713,0.0,3
Punalur_PostofJN_D (Kerala),0.0004061311662228185,1,1,0.0008607470567654344,0.0,2
Dhule_MIDCAvdn_I (Maharashtra),0.00040411061315703334,1,3,0.00040220922490691443,0.0,4
Ashokngr_Bypassrd_D (Madhya Pradesh),0.00040343709546843826,1,1,0.0006460778576311004,1.0,2
Lalgola_KrsprDPP_D (West Bengal),0.0004027635777798432,1,1,0.00040220922490691443,0.0,2
SultnBthry_Kollgpra_D (Kerala),0.0004020900600912482,1,2,0.00040220922490691443,0.0,3
Guskhara_Itachnda_D (West Bengal),0.0004020900600912482,1,2,0.00040220922490691443,0.0,3
Puttur_Darbe_DC (Karnataka),0.0004020900600912482,1,1,0.00040220922490691443,0.0,2
Bijainagar_Central_DPP_1 (Rajasthan),0.0004020900600912482,1,1,0.00040220922490691443,0.0,2
Patiala (Punjab),0.0004020900600912482,1,2,0.00040220922490691443,0.0,3
Husnabad_Greenmkt_D (Telangana),0.0004014165424026531,1,1,0.00040220922490691443,0.0,2
LowerParel_CP (Maharashtra),0.0004014165424026531,1,3,0.00040220922490691443,0.0,4
Degana_BhukrdPP_D (Rajasthan),0.0004014165424026531,1,1,0.00040220922490691443,0.0,2
Manuguru_AskNagar_D (Telangana),0.0004014165424026531,1,1,0.00040220922490691443,0.0,2
Jagraon_DC (Punjab),0.0004014165424026531,1,1,0.00040220922490691443,0.0,2
Paota_SmClyDPP_D (Rajasthan),0.0004014165424026531,1,1,0.00040220922490691443,0.0,2
Sitamau_Central_DPP_1 (Madhya Pradesh),0.0004014165424026531,1,2,0.0006347458396254984,1.0,3
YamunaNagar_DC (Haryana),0.0004014165424026531,1,1,0.00040220922490691443,0.0,2
Chalakudy_SurbhiTh_D (Kerala),0.0004014165424026531,1,1,0.00040220922490691443,0.0,2
Shamli_KarnalRd_D (Uttar Pradesh),0.0004014165424026531,1,1,0.00040220922490691443,0.0,2
Ratlam_Khjurwli_DC (Madhya Pradesh),0.0004014165424026531,1,1,0.00040220922490691443,0.0,2
Sujanpur_SainkSCL_D (Himachal Pradesh),0.0004014165424026531,1,1,0.00040220922490691443,0.0,2
Parvathipuram_Central_D_2 (Andhra Pradesh),0.0004014165424026531,1,1,0.00040220922490691443,0.0,2
Jasai_JNPT_D (Maharashtra),0.00040074302471405807,1,1,0.00040220922490691443,0.0,2
Ankola_Kakrmath_D (Karnataka),0.00040074302471405807,1,1,0.00040220922490691443,0.0,2
Lalru_OnkarDPP_D (Punjab),0.00040074302471405807,1,2,0.00040220922490691443,0.0,3
Hoskote_DC (Karnataka),0.00040074302471405807,2,2,0.0006605058735645737,0.0,4
Ghanashyampur_NditaDPP_D (West Bengal),0.00040074302471405807,1,2,0.00040220922490691443,0.0,3
Medchal_MROoffce_D (Telangana),0.00040074302471405807,2,1,0.00040220922490691443,0.0,3
Faridpur_ShjnprRD_D (Uttar Pradesh),0.00040074302471405807,1,1,0.00040220922490691443,0.0,2
Nakodar_ChowkDPP_D (Punjab),0.00040074302471405807,1,1,0.00040220922490691443,0.0,2
Chhaygaon_GwhRDDPP_D (Assam),0.00040074302471405807,1,1,0.00040220922490691443,0.0,2
Gandhinagar_Kalol_DC (Gujarat),0.00040074302471405807,1,1,0.00025893195635809336,1.0,2
Kanakapura_VaniThtr_D (Karnataka),0.00040074302471405807,1,1,0.00040220922490691443,0.0,2
Simrahi_Bazar_D (Bihar),0.00040074302471405807,1,1,0.00040220922490691443,0.0,2
Kaikaluru_Atapaka_D (Andhra Pradesh),0.00040074302471405807,1,1,0.00040220922490691443,0.0,2
Kaman_BsstdDPP_D (Rajasthan),0.00040074302471405807,1,1,0.00040220922490691443,0.0,2
Bishnupur_StnRdDPP_D (West Bengal),0.00040074302471405807,1,1,0.00040220922490691443,0.0,2
AurngbadBR_Mahindra_D (Bihar),0.00040074302471405807,1,1,0.00040220922490691443,0.0,2
Khambhat_MotvdDPP_D (Gujarat),0.00040074302471405807,1,1,0.00040220922490691443,0.0,2
Mussoorie_BrlwgDPP_D (Uttarakhand),0.00040074302471405807,1,1,0.00040220922490691443,0.0,2
Nandigama_Chndrlpd_D (Andhra Pradesh),0.00040074302471405807,1,1,0.00040220922490691443,0.0,2
Draksharamam_Anaipeta_D (Andhra Pradesh),0.00040006950702546303,2,1,0.0007811034547356191,0.0,3
Rupnarayanpur_Salanpur_D (West Bengal),0.00039939598933686794,1,1,0.0007236942295598668,0.0,2
Sholinghur_ArkonmRD_D (Tamil Nadu),0.00039939598933686794,1,1,0.0006330651735998863,0.0,2
Sillod_ZebaTWR_D (Maharashtra),0.00039939598933686794,1,1,0.0007900504744248909,1.0,2
Barshi_Kurduwdi_D (Maharashtra),0.00039939598933686794,1,1,0.0005904968361910885,0.0,2
Patran_MheshNGR_D (Punjab),0.00039939598933686794,1,1,0.0007351053512598586,1.0,2
Shirala_Central_DPP_3 (Maharashtra),0.00039939598933686794,1,1,0.0007713377088673856,1.0,2
Kusumnchi_SKRoad_D (Telangana),0.00039939598933686794,1,2,0.001261361080543427,1.0,3
Machhiwara_MnBzrDPP_D (Punjab),0.00039939598933686794,1,1,0.0007453593629331174,1.0,2
Saraiya_Wardno4_D (Bihar),0.00039939598933686794,1,1,0.0015119368162080562,1.0,2
Jaynagar_Wardno6_D (Bihar),0.00039939598933686794,1,1,0.0007856767376359282,1.0,2
Machilipatnam_DC (Andhra Pradesh),0.00039939598933686794,2,1,0.0008185360121118647,1.0,3
Miryalguda_Ragvendr_D (Telangana),0.00039939598933686794,1,2,0.000882915825763327,0.3333333333333333,3
Kunnathund_Pringla_D (Kerala),0.00039939598933686794,1,1,0.0008788292759254824,1.0,2
Pallakad_ChndrNgr_D (Kerala),0.00039939598933686794,1,1,0.0008932118548884347,0.0,2
AnandprShb_PnjPiara_D (Punjab),0.00039939598933686794,1,2,0.0005545397945953764,0.0,3
Asangaon_Shahapur_D (Maharashtra),0.00039939598933686794,1,1,0.0005175249734132094,1.0,2
Koppal_Banikatt_D (Karnataka),0.00039939598933686794,1,1,0.0008559337949573696,1.0,2
Etawah_MhraChng_D (Uttar Pradesh),0.00039939598933686794,1,1,0.000525057649067478,0.0,2
Khanapur_StatinRD_D (Karnataka),0.00039939598933686794,1,1,0.0007491873129562383,1.0,2
Arakkonam_HousngBd_D (Tamil Nadu),0.00039939598933686794,1,1,0.0005719938071360895,1.0,2
Chennai_Hub (Tamil Nadu),0.00039939598933686794,7,9,0.002470595355475111,0.6666666666666666,16
Muktsar_DPC (Punjab),0.00039939598933686794,1,2,0.0010050220139226588,0.3333333333333333,3
Malemruvathur_Achipkam_D (Tamil Nadu),0.00039939598933686794,1,1,0.0006369528189796793,1.0,2
Umreth_Dakor_DC (Gujarat),0.00039939598933686794,1,1,0.0012179942069515664,1.0,2
Ashta_ShantiNg_D (Madhya Pradesh),0.00039939598933686794,1,1,0.0007625420896134244,1.0,2
Chandigarh_Mullanpr_DC (Chandigarh),0.0003980489539596778,2,2,0.0006889697073765841,0.6666666666666666,4
Madikeri_MuthpTmp_D (Karnataka),0.0003818845294333965,1,2,0.000987277572634371,0.0,3
Malavalli_SulthnRd_D (Karnataka),0.00037919045867901627,1,1,0.0012797509736409954,0.0,2
Seoni_Kidwai_D (Madhya Pradesh),0.0003711082464158756,1,1,0.0007571936832754864,0.0,2
Dumka_Dudhani_D (Jharkhand),0.00037043472872728056,1,1,0.001657019834241266,0.0,2
Thirthurpondi_Madaprum_D (Tamil Nadu),0.00036908769335009043,1,1,0.0011440856026195133,1.0,2
Bangarapet_KolarRd_D (Karnataka),0.0003677406579729003,2,1,0.0033884454034156025,0.0,3
Ganga Nagar_DC (Rajasthan),0.0003677406579729003,1,1,0.0006474903908130627,0.0,2
Pilani (Rajasthan),0.0003670671402843053,1,1,0.000662042117366098,0.0,2
Kharagpur_DC (West Bengal),0.00036572010490711516,3,1,0.0008523040292038254,0.0,4
Kaithal_DC (Haryana),0.00036572010490711516,1,1,0.0007803369409155861,0.0,2
Jodhpur_Basni_I (Rajasthan),0.00036572010490711516,2,1,0.0008110147839954652,0.0,3
Mandi_PlaceCol_D (Himachal Pradesh),0.00036572010490711516,1,2,0.000817037476376567,0.0,3
Pilkhuwa_HapurRD_D (Uttar Pradesh),0.00036572010490711516,2,2,0.002977191077691518,0.0,4
Bharatpur_DC (Rajasthan),0.00036572010490711516,1,1,0.0007033874039499988,0.0,2
Amreli_Rajula_DC (Gujarat),0.00036572010490711516,1,1,0.0006989143697438731,0.0,2
Orai_Ajnari_D (Uttar Pradesh),0.00036572010490711516,1,1,0.0006564462813380721,0.0,2
Pachore_Shop3DPP_D (Madhya Pradesh),0.0003650465872185201,1,2,0.0006709881270502397,0.0,3
Dahod_DC (Gujarat),0.0003650465872185201,1,1,0.0007425110683789785,0.0,2
Rampurhat_SrifoDPP_D (West Bengal),0.0003650465872185201,2,1,0.00135904771938992,0.0,3
Bhadrak_Central_I_2 (Orissa),0.0003650465872185201,2,2,0.0005965299331470975,0.0,4
Soraon_BypassRD_D (Uttar Pradesh),0.0003650465872185201,1,1,0.0004849032585919422,0.0,2
Chhatarpur_Busstand_D (Madhya Pradesh),0.0003650465872185201,1,1,0.0015432422722134955,1.0,2
Bngnpalle_Enkndla_D (Andhra Pradesh),0.0003650465872185201,1,1,0.0007397139704787491,0.0,2
Samastipur_Haripur_D (Bihar),0.0003650465872185201,1,1,0.0009161455671620886,0.0,2
Farrukhbad_Pnchlght_D (Uttar Pradesh),0.0003650465872185201,1,1,0.0006438347051333042,0.0,2
Dinara_Wardno7_D (Bihar),0.0003650465872185201,1,1,0.0006749645335932322,0.0,2
Chennai_Vepmpttu_DC (Tamil Nadu),0.0003650465872185201,1,1,0.0008152569099174531,0.0,2
Bhiwani_DC (Haryana),0.0003650465872185201,1,1,0.0005470391188141955,0.0,2
Kishangarh_Central_D_2 (Rajasthan),0.00036437306952992503,1,1,0.0007967168802225828,0.0,2
Beawar_DC (Rajasthan),0.00036437306952992503,1,1,0.0007631828437231001,0.0,2
Anakapalle_Kothuru_D (Andhra Pradesh),0.00036437306952992503,1,1,0.0005232972531758066,0.0,2
Solan_MohanPrk_D (Himachal Pradesh),0.00036437306952992503,1,1,0.0005921808509920656,0.0,2
Rajam_SamathBv_D (Andhra Pradesh),0.00036437306952992503,1,1,0.0006623695923286815,0.0,2
Delhi_Nangli_IP (Delhi),0.00036437306952992503,3,2,0.0019480626736211265,0.0,5
Tandur_SnthiNGR_D (Telangana),0.00036437306952992503,1,1,0.0006626740101054226,0.0,2
Guruvayoor_ManhrBld_D (Kerala),0.00036437306952992503,1,1,0.0005734436160716241,0.0,2
Bongaon_SukntDPP_D (West Bengal),0.00036437306952992503,1,1,0.0004009079371148714,0.0,2
Araria_Wardn13_D (Bihar),0.00036437306952992503,1,1,0.00040115429009302927,0.0,2
Rajgurunagar_Chakan_D (Maharashtra),0.00036437306952992503,1,1,0.00037846051305306374,0.0,2
Modinagar_SikriKla_DC (Uttar Pradesh),0.00036437306952992503,1,1,0.0005392822574848837,0.0,2
Satara_DC (Maharashtra),0.00036437306952992503,1,1,0.0005066565821299508,0.0,2
Ghatampur_StatinRD_D (Uttar Pradesh),0.00036437306952992503,1,1,0.0002527169199200292,0.0,2
Bangana_Bhaleti_D (Himachal Pradesh),0.00036437306952992503,1,1,0.0004541565628206341,0.0,2
Chennai_Perungudi_DPC (Tamil Nadu),0.00036437306952992503,3,1,0.0032485303694139043,0.0,4
Tarkeshwar_Naraynpr_D (West Bengal),0.00036437306952992503,1,1,0.0005899291415379948,0.0,2
Hisar_AgrohDPP_D (Haryana),0.00036437306952992503,1,1,0.0002951003028236679,0.0,2
Pandharpur_RajCmplx_D (Maharashtra),0.00036369955184133,1,2,0.0004927911063478159,0.0,3
Kanchipuram_DC (Tamil Nadu),0.00036302603415273496,1,1,0.0004171941142334908,1.0,2
Kanti_Central_DPP_2 (Bihar),0.00036302603415273496,2,1,0.0015223059343220716,1.0,3
Osmanabad_Kakdepot_D (Maharashtra),0.00036302603415273496,1,1,0.0004388284226200408,0.0,2
Belgaum_Dc (Karnataka),0.00036302603415273496,1,1,0.0006255098515511583,1.0,2
Asansol_DC (West Bengal),0.00036302603415273496,1,1,0.0005950678880096751,0.0,2
Moga_DPC (Punjab),0.00036302603415273496,2,1,0.0009260534264794015,0.6666666666666666,3
Choutuppal_Nagaram_D (Telangana),0.00036302603415273496,1,1,0.0007830855036170258,0.0,2
Gangavathi_PhrmPlza_D (Karnataka),0.00036302603415273496,1,1,0.0007494914685812593,1.0,2
Ratnagiri_MjgaonRd_D (Maharashtra),0.00036302603415273496,1,1,0.0006515087623611401,1.0,2
Vadakkencherry_Robinson_D (Kerala),0.00036302603415273496,1,1,0.0007946690581711918,0.0,2
Ranipet_MBTRd_DC (Tamil Nadu),0.00036302603415273496,1,1,0.0004888497926200256,0.0,2
Gudivada_GvrCompx_D (Andhra Pradesh),0.00036302603415273496,1,2,0.000706997938450189,1.0,3
Sehore_Mangalam_D (Madhya Pradesh),0.00036302603415273496,1,1,0.0006411137213893839,1.0,2
Chennai_Chnglptu_DC (Tamil Nadu),0.00036302603415273496,1,1,0.0004935441789718371,1.0,2
RoopNagar_ChotiHvl_DC (Punjab),0.00036302603415273496,1,1,0.0003964987485192927,0.0,2
Jalna_BhgyaNgr_D (Maharashtra),0.00036302603415273496,1,1,0.000673272343945382,1.0,2
Murbad_SnkunDPP_D (Maharashtra),0.00036302603415273496,1,1,0.0003530071846406516,1.0,2
Madhubani_Bardivan_D (Bihar),0.00036302603415273496,1,1,0.0006683064886389674,1.0,2
Auraiya_AryaNagr_D (Uttar Pradesh),0.00036302603415273496,2,1,0.00036184932822900715,0.0,3
Kodad_VidyaNgr_D (Telangana),0.00036302603415273496,2,1,0.0012277416850308544,1.0,3
Cochin_Chtrpuza_D (Kerala),0.00036302603415273496,2,1,0.0007775071353326045,1.0,3
Samana_PODPP_D (Punjab),0.00036302603415273496,1,1,0.0006087259257956238,1.0,2
Nadiad_DC (Gujarat),0.00036302603415273496,1,1,0.00117686740460581,1.0,2
Nawanshahr_DC (Punjab),0.00036302603415273496,1,1,0.0006208099917131627,1.0,2
Jaipur_Central_I_7 (Rajasthan),8.755729951735722e-05,5,11,0.0024605913486101735,0.0,16
Coimbatore_Karayam_H (Tamil Nadu),5.994307428495994e-05,4,4,0.0018915514674269188,0.047619047619047616,8
Junagadh_DPC (Gujarat),4.916679126743906e-05,3,3,0.0022170381979230974,0.0,6
Tirupur_Koliplm_I (Tamil Nadu),4.175809669289345e-05,2,2,0.001435908811568521,0.0,4
Madurai_Kappalur_H (Tamil Nadu),3.906402593851322e-05,5,1,0.004573213071792158,0.0,6
Lalsot_NWclyDPP_D (Rajasthan),3.704347287272805e-05,1,1,0.0009491237507624223,0.0,2
Dibrugarh_Bokule_H (Assam),3.5696437495537944e-05,3,3,0.0010487869296541509,0.06666666666666667,6
Gangapur_Ward6DPP_D (Rajasthan),3.502291980694289e-05,1,1,0.0008604645997469702,0.0,2
Karauli_HnsChowk_D (Rajasthan),3.300236674115772e-05,1,1,0.0007562663585270084,0.0,2
Hindaun_MndwrRod_D (Rajasthan),3.0981813675372557e-05,1,1,0.000633720343212902,0.0,2
Canacona_CharRsta_D (Goa),3.0981813675372557e-05,1,1,0.0006305424324484886,0.0,2
Sivakasi_Msstreet_DC (Tamil Nadu),3.03082959867775e-05,1,1,0.004096990957058414,0.0,2
Tirunelveli_VdkkuSrt_I (Tamil Nadu),2.896126060958739e-05,3,3,0.0020332626864490643,0.06666666666666667,6
Dausa_IndraCln_D (Rajasthan),2.896126060958739e-05,2,1,0.0004896365538681593,0.0,3
Bassi_DmodrNGR_D (Rajasthan),2.6940707543802223e-05,1,2,0.0003201600168606599,0.0,3
Una_Mamlatdr_DC (Gujarat),2.3573119100826945e-05,1,1,0.0011769261893997858,0.0,2
Veraval_DC (Gujarat),2.3573119100826945e-05,1,1,0.0010743669735968533,0.0,2
Talala_SsnRdDPP_D (Gujarat),2.3573119100826945e-05,1,1,0.0012203847195116095,0.0,2
Kodinar_NCplxDPP_D (Gujarat),2.3573119100826945e-05,1,1,0.0011302894032197502,0.0,2
Mangrol_JilRDDPP_D (Gujarat),2.3573119100826945e-05,1,1,0.001007701560862745,0.0,2
Junagadh_keshod_DC (Gujarat),2.3573119100826945e-05,1,1,0.0009269257727597047,0.0,2
Kangayam_Thvlrsrt_D (Tamil Nadu),2.2226083723636832e-05,1,1,0.0009934834360234308,0.0,2
Sankaran_Kovil_D (Tamil Nadu),2.1552566035041778e-05,1,1,0.003730832872251885,0.0,2
Coonoor_Fairybnk_D (Tamil Nadu),2.0205530657851666e-05,1,1,0.0007474322267499722,0.0,2
Dharapuram_Techrcly_D (Tamil Nadu),1.953201296925661e-05,1,1,0.0009127105886271907,0.0,2
Chabua_CollgeRD_D (Assam),1.8858495280661557e-05,1,1,0.0004764596123313843,0.0,2
Ramanathapura_Central_D_2 (Karnataka),1.683794221487639e-05,2,1,0.0010579341542349052,0.0,3
Tirpur_Palladam_DC (Tamil Nadu),1.683794221487639e-05,1,1,0.0008177576075558642,0.0,2
Tinusukia_Chrwpaty_D (Assam),1.6164424526281333e-05,1,1,0.0006224960500462873,0.0,2
Tirupati_Balajicly_I (Andhra Pradesh),1.6164424526281333e-05,2,2,0.0024212594730064064,0.0,4
Sivasagar_Babupaty_D (Assam),1.4817389149091222e-05,2,1,0.0005870262451485918,0.0,3
Kotagiri_CroslySRT_D (Tamil Nadu),1.4817389149091222e-05,1,1,0.0008529178448182364,0.0,2
Avinashi_Valluvar_D (Tamil Nadu),1.4143871460496166e-05,1,1,0.0007057241585111555,0.0,2
Narikkudi_MukkuRD_D (Tamil Nadu),1.3470353771901112e-05,1,1,0.0008065557981091927,0.0,2
Tirumakudalu_Narasipr_D (Karnataka),1.3470353771901112e-05,1,1,0.001309302225131125,0.0,2
Gorakhpur_Matriprm_IP (Uttar Pradesh),1.3470353771901112e-05,4,2,0.001113797809344003,0.0,6
Rajpalayam_AshkTalk_D (Tamil Nadu),1.2796836083306056e-05,1,1,0.003372300038748056,0.0,2
Margherita_CivilHPL_D (Assam),1.2796836083306056e-05,1,4,0.0007649481969697482,0.16666666666666666,5
Sakleshpur_RgvdrDPP_D (Karnataka),1.2123318394711e-05,1,1,0.0005593467486189711,0.0,2
Peikulam_SriVnktpm_D (Tamil Nadu),1.2123318394711e-05,1,1,0.0010545787837146097,0.0,2
Muthukulathur_VaiklSRT_D (Tamil Nadu),1.2123318394711e-05,1,1,0.000692942961431042,0.0,2
DoomDooma_Pthrgoan_D (Assam),1.2123318394711e-05,1,1,0.000746677807120427,0.0,2
Bhanvad_Mainroad_D (Gujarat),1.1449800706115945e-05,1,1,0.0008185605578048946,0.0,2
Porbandar_DC (Gujarat),1.1449800706115945e-05,1,1,0.0007052848323161695,0.0,2
Jamjodhpur_Court_D (Gujarat),1.1449800706115945e-05,1,1,0.0009134872462034048,0.0,2
Thisayanvilai_UdnkdiRD_D (Tamil Nadu),1.1449800706115945e-05,1,1,0.0009836845268631459,0.0,2
Tirchchndr_Shnmgprm_D (Tamil Nadu),1.0776283017520889e-05,1,1,0.0009021598751776869,0.0,2
HDKote_BegurRD_D (Karnataka),1.0776283017520889e-05,1,1,0.0005593467486189711,0.0,2
Sahebganj_BaraLoha_D (Jharkhand),1.0102765328925833e-05,1,1,0.0007164842723310278,0.0,2
Renwal_ChomuRD_D (Rajasthan),1.0102765328925833e-05,1,1,0.00040220922490691443,0.0,2
Kattappana_Palikval_D (Kerala),1.0102765328925833e-05,1,1,0.0006929429614310421,0.0,2
Digboi_JyotiNgr_D (Assam),1.0102765328925833e-05,1,1,0.0006439898692888262,1.0,2
Eral_Busstand_D (Tamil Nadu),1.0102765328925833e-05,1,1,0.0008040268588355848,0.0,2
Rameswram_Kdthdstrt_D (Tamil Nadu),9.429247640330779e-06,1,1,0.0005593467486189711,0.0,2
RaisingNgr_BisnolDPP_D (Rajasthan),8.082212263140666e-06,1,1,0.0006929429614310421,0.0,2
Cumbum_LFRoad_D (Tamil Nadu),8.082212263140666e-06,1,1,0.0005593467486189711,0.0,2
Pahasu_Kanongyn_D (Uttar Pradesh),8.082212263140666e-06,1,1,0.0006929429614310421,0.0,2
Ooty_Davisdle_D (Tamil Nadu),8.082212263140666e-06,1,1,0.0009427626996832732,0.0,2
Godda_Central_D_2 (Jharkhand),8.082212263140666e-06,2,1,0.0005870262451485918,0.0,3
Kolkata_North_I_4 (West Bengal),8.082212263140666e-06,3,3,0.001408280487609852,0.16666666666666666,6
Anupshahar_DcntCLY_D (Uttar Pradesh),8.082212263140666e-06,1,1,0.0008065557981091928,0.0,2
Mandla_Mharajpr_D (Madhya Pradesh),8.082212263140666e-06,1,1,0.0008612224795678538,0.0,2
Pollachi_Venkatsa_DC (Tamil Nadu),8.082212263140666e-06,1,1,0.0006725689517084507,1.0,2
Namsai_HelipadRD_D (Arunachal Pradesh),6.735176885950556e-06,1,1,0.0008522712098037668,0.0,2
Dindigul_Central_D_1 (Tamil Nadu),6.735176885950556e-06,1,2,0.00040220922490691443,0.0,3
Bodhan_SuryaDPP_D (Telangana),6.735176885950556e-06,1,1,0.0006380315578184866,0.0,2
Sathyamangalam_Mlydpthr_D (Tamil Nadu),6.735176885950556e-06,1,1,0.0006060567905079657,0.0,2
Mudigere_HesglDPP_D (Karnataka),6.735176885950556e-06,1,1,0.00040220922490691443,0.0,2
Anupgarh_PrmNrDPP_D (Rajasthan),6.735176885950556e-06,1,1,0.0005593467486189711,0.0,2
Jewar_SJRoad_D (Uttar Pradesh),6.735176885950556e-06,1,1,0.0005593467486189711,0.0,2
Gudur_Bngisheb_D (Andhra Pradesh),6.0616591973555e-06,1,1,0.0013276461687327724,0.0,2
Kottarakkara_Amankovl_D (Kerala),6.0616591973555e-06,1,1,0.0007566292242752757,0.0,2
Rajampet_RSRoad_D (Andhra Pradesh),6.0616591973555e-06,1,1,0.0012354318414458415,0.0,2
Sriklahsti_SDKNgr_D (Andhra Pradesh),6.0616591973555e-06,1,2,0.001308852249170368,0.0,3
Koduru_MGRoad_D (Andhra Pradesh),6.0616591973555e-06,1,1,0.0012155418993847564,0.0,2
Ariyalur_Kmrajngr_D (Tamil Nadu),6.0616591973555e-06,1,1,0.000692942961431042,0.0,2
Puttur_Artmclny_D (Andhra Pradesh),6.0616591973555e-06,1,1,0.0011778509088990247,0.0,2
Gonikoppal_Thomas_D (Karnataka),6.0616591973555e-06,1,1,0.00040220922490691443,0.0,2
Venktagiri_TirupthiRd_D (Andhra Pradesh),6.0616591973555e-06,2,1,0.001326476049883265,0.0,3
Palani_RjndraRd_D (Tamil Nadu),6.0616591973555e-06,1,1,0.0005554430060396311,0.0,2
Vallior_Radhaprm_D (Tamil Nadu),5.3881415087604445e-06,1,1,0.0008174781882537698,0.0,2
Jayamkondan_Chithbrm_D (Tamil Nadu),5.3881415087604445e-06,1,1,0.0008065557981091927,0.0,2
Perambalur_goplpurm_D (Tamil Nadu),5.3881415087604445e-06,1,1,0.0005593467486189711,0.0,2
Bagnan_Harop_D (West Bengal),5.3881415087604445e-06,1,1,0.0004984607947011745,0.0,2
Oddnchtram_Palani_D (Tamil Nadu),5.3881415087604445e-06,1,1,0.0003976223643020287,0.0,2
Ramnthpurm_TnhbBlkC_D (Tamil Nadu),5.3881415087604445e-06,1,1,0.00040220922490691443,0.0,2
Udumalpet_Artclgrd_D (Tamil Nadu),5.3881415087604445e-06,1,1,0.0005353392534545507,1.0,2
Kodaikanal_Athithnr_DC (Tamil Nadu),5.3881415087604445e-06,1,1,0.0006896404594091114,0.0,2
Pushpavanam_Thmpulam_D (Tamil Nadu),4.714623820165389e-06,1,2,0.0011813786527309171,1.0,3
Bilimora_DC (Gujarat),4.714623820165389e-06,2,2,0.001078734597008505,0.0,4
Ambasamdrm_Solaiprm_D (Tamil Nadu),4.714623820165389e-06,1,1,0.0008636853115293942,1.0,2
Theni_Rathnam_D (Tamil Nadu),4.714623820165389e-06,1,1,0.00040220922490691443,0.0,2
Surat_Central_I_4 (Gujarat),4.714623820165389e-06,1,5,0.00040220922490691443,0.0,6
Dhubri_Tetultol_D (Assam),4.041106131570333e-06,1,1,0.000692942961431042,0.0,2
Aranthangi_HsptlRod_D (Tamil Nadu),4.041106131570333e-06,1,1,0.0005593467486189711,0.0,2
Nandurbar_DhuleRd_D (Maharashtra),4.041106131570333e-06,1,1,0.0004985823645558528,0.0,2
BiharSarif_Soghra_D (Bihar),4.041106131570333e-06,1,1,0.0005593467486189711,0.0,2
Deoria_CCRoad_D (Uttar Pradesh),4.041106131570333e-06,1,1,0.0008136946365370077,0.0,2
Sakri_DhuleRoad_D (Maharashtra),4.041106131570333e-06,1,1,0.0003307441445262215,0.0,2
Srivijaynagar_BhwanDPP_D (Rajasthan),4.041106131570333e-06,1,1,0.00040220922490691443,0.0,2
Karaikudi_Sbrmnprm_D (Tamil Nadu),4.041106131570333e-06,1,1,0.0006929429614310421,0.0,2
Khurja_Pnjbiyon_D (Uttar Pradesh),4.041106131570333e-06,1,1,0.00040220922490691443,0.0,2
Nawada_Central_DPP_2 (Bihar),4.041106131570333e-06,1,1,0.0006929429614310421,0.0,2
Sikandarpur_Central_D_3 (Uttar Pradesh),4.041106131570333e-06,1,1,0.0005680531006954411,0.0,2
Kokrajhar_PigonDPP_D (Assam),4.041106131570333e-06,1,1,0.000559346748618971,0.0,2
Tenkasi_RailwyRd_D (Tamil Nadu),4.041106131570333e-06,1,1,0.0007588813783207637,1.0,2
Maharajapuram_Krsnakcl_D (Tamil Nadu),4.041106131570333e-06,1,1,0.003003704648193423,0.0,2
Navsari_DC (Gujarat),4.041106131570333e-06,1,1,0.0002757441075942809,0.0,2
Kaptanganj_Subshngr_D (Uttar Pradesh),3.367588442975278e-06,1,1,0.00040220922490691443,0.0,2
Lalpet_PriyrNGR_D (Tamil Nadu),3.367588442975278e-06,1,1,0.0009031704992949471,0.0,2
Melur_MduraiRD_D (Tamil Nadu),3.367588442975278e-06,1,1,0.00040220922490691443,0.0,2
Pakur_Hatpada_D (Jharkhand),3.367588442975278e-06,1,1,0.0016202697423893886,0.0,2
Thuraiyur_Mthrapuri_D (Tamil Nadu),3.367588442975278e-06,1,1,0.00040220922490691443,0.0,2
Batlagundu_RTOofice_D (Tamil Nadu),3.367588442975278e-06,1,1,0.0008037452402110767,0.0,2
Ambah_MrenTirh_D (Madhya Pradesh),3.367588442975278e-06,1,1,0.0004950703062830525,0.0,2
Kolaghat_Central_DPP_2 (West Bengal),3.367588442975278e-06,1,1,0.0006416110612399239,0.0,2
Peravurani_SH71_D (Tamil Nadu),2.6940707543802223e-06,1,1,0.00040220922490691443,0.0,2
Chikblapur_ShntiSgr_D (Karnataka),2.6940707543802223e-06,1,1,0.0005593467486189711,0.0,2
Bilasipara_Wardno5_D (Assam),2.6940707543802223e-06,1,1,0.0008065557981091928,0.0,2
Shahada_Nandrbar_D (Maharashtra),2.6940707543802223e-06,1,1,0.0006412922171216445,0.0,2
Anpara_Parasi_D (Uttar Pradesh),2.6940707543802223e-06,1,1,0.0005593467486189711,0.0,2
Ponnamaravathi_Puduvalvu_D (Tamil Nadu),2.6940707543802223e-06,1,1,0.0008065557981091928,0.0,2
Dinhata_WrdN4DPP_D (West Bengal),2.6940707543802223e-06,1,2,0.0005593467486189711,0.0,3
Kottayam_Central_H_1 (Kerala),2.6940707543802223e-06,1,1,0.0005593467486189711,0.0,2
Jehanabad_Madarpur_D (Bihar),2.6940707543802223e-06,1,1,0.00040220922490691443,0.0,2
Lakhimpur_Maheva_D (Uttar Pradesh),2.6940707543802223e-06,1,1,0.0005593467486189711,0.0,2
Hoogly_Bandel_D (West Bengal),2.6940707543802223e-06,2,2,0.0011772608552235947,1.0,4
Rajgir_PnditNGR_D (Bihar),2.6940707543802223e-06,1,1,0.0008065557981091928,0.0,2
Karimnagar_KamnHbRD_I (Telangana),2.6940707543802223e-06,4,1,0.0009289807891023258,0.0,5
Bongaigaon_Chpaguri_D (Assam),2.6940707543802223e-06,1,1,0.00040220922490691443,0.0,2
Mathabhang_Pshimpra_D (West Bengal),2.0205530657851666e-06,1,1,0.00040220922490691443,0.0,2
Raver_Truptingr_D (Maharashtra),2.0205530657851666e-06,1,2,0.0014304369415032044,0.0,3
Manamelkudi_TmpleSrt_D (Tamil Nadu),2.0205530657851666e-06,1,1,0.0014304369415032046,0.0,2
Sitapur_Chowk_D (Uttar Pradesh),2.0205530657851666e-06,1,1,0.00040220922490691443,0.0,2
Tiruvalla_TKRoad_D (Kerala),2.0205530657851666e-06,1,1,0.0006929429614310421,0.0,2
Oriyur_Vllyaprm_D (Tamil Nadu),2.0205530657851666e-06,1,1,0.0014304369415032046,0.0,2
Sivaganga_Wardno3_D (Tamil Nadu),2.0205530657851666e-06,1,2,0.0014304369415032046,0.0,3
Jalgaon_DC (Maharashtra),2.0205530657851666e-06,1,1,0.0014304369415032044,0.0,2
Burhanpur_StRoad_D (Madhya Pradesh),2.0205530657851666e-06,2,1,0.0014304369415032042,0.0,3
Doddablpur_ChikaDPP_D (Karnataka),2.0205530657851666e-06,2,1,0.00040220922490691443,0.0,3
Gola_BkgnRoad_D (Uttar Pradesh),2.0205530657851666e-06,1,1,0.0006929429614310421,0.0,2
Bagepalli_TBCross_D (Karnataka),2.0205530657851666e-06,1,1,0.0006929429614310421,0.0,2
Dadri_ICDCant_D (Uttar Pradesh),2.0205530657851666e-06,2,2,0.00040220922490691443,0.0,4
Bhusawal_Samarth_D (Maharashtra),2.0205530657851666e-06,1,1,0.0014304369415032044,0.0,2
Thiruvadanai_RamnadRD_D (Tamil Nadu),2.0205530657851666e-06,2,1,0.0014304369415032046,0.0,3
Singrauli_Waidhan_D (Madhya Pradesh),2.0205530657851666e-06,1,1,0.0006929429614310421,0.0,2
Renukoot_Govind_D (Uttar Pradesh),2.0205530657851666e-06,1,1,0.00040220922490691443,0.0,2
Alappuzha_Pazhvedu_D (Kerala),2.0205530657851666e-06,1,1,0.00040220922490691443,0.0,2
Nabha_Sahni_D (Punjab),1.3470353771901111e-06,1,1,0.0002710774821460477,0.0,2
Kalluvathukal_Pariplly_D (Kerala),1.3470353771901111e-06,1,1,0.0005593467486189711,0.0,2
Chiplun_LxmiNiws_D (Maharashtra),1.3470353771901111e-06,1,1,0.0005593467486189711,0.0,2
Kallikkad_Mutyvila_D (Kerala),1.3470353771901111e-06,1,1,0.0005593467486189711,0.0,2
ChandroknaRD_Central_DPP_3 (West Bengal),1.3470353771901111e-06,1,1,0.00040220922490691443,0.0,2
Jassur_AadiDPP_D (Himachal Pradesh),1.3470353771901111e-06,1,1,0.00040220922490691443,0.0,2
Mylduthuri_Thiruviz_D (Tamil Nadu),1.3470353771901111e-06,1,1,0.00040220922490691443,0.0,2
Surendranagar_DC (Gujarat),1.3470353771901111e-06,1,1,0.00040220922490691443,0.0,2
Attingal_Central_D_2 (Kerala),1.3470353771901111e-06,1,1,0.00040220922490691443,0.0,2
Patan_Central_D_2 (Gujarat),1.3470353771901111e-06,1,1,0.00040220922490691443,0.0,2
Vadakara_Mandodi_D (Kerala),1.3470353771901111e-06,1,1,0.00040220922490691443,0.0,2
Limbdi_Busstand_D (Gujarat),1.3470353771901111e-06,1,1,0.0005593467486189711,0.0,2
Hooghly_DC (West Bengal),1.3470353771901111e-06,2,2,0.0011273378937832748,1.0,4
Shahganj_KcharaRD_D (Uttar Pradesh),1.3470353771901111e-06,1,1,0.0005593467486189711,0.0,2
Dalhousie_Banikhet_D (Himachal Pradesh),1.3470353771901111e-06,1,1,0.0005593467486189711,0.0,2
Phalodi_PalikDPP_D (Rajasthan),1.3470353771901111e-06,1,1,0.00040220922490691443,0.0,2
Manthani_Chaitnya_D (Telangana),1.3470353771901111e-06,1,1,0.00040220922490691443,0.0,2
Kalpetta_Ward19_D (Kerala),1.3470353771901111e-06,1,1,0.0003850796445809769,0.0,2
Neyatinkra_Arlumodu_D (Kerala),1.3470353771901111e-06,1,1,0.00040220922490691443,0.0,2
Pandhurna_Mataward_D (Madhya Pradesh),1.3470353771901111e-06,1,1,0.0005593467486189711,0.0,2
Saraimeer_MsmcyDPP_D (Uttar Pradesh),1.3470353771901111e-06,1,1,0.00040220922490691443,0.0,2
Bhatiya_Kalyanpr_D (Gujarat),1.3470353771901111e-06,1,1,0.0005593467486189711,0.0,2
Betul_PatelWrd_D (Madhya Pradesh),1.3470353771901111e-06,1,1,0.00040220922490691443,0.0,2
Bhabhar_TirupDPP_D (Gujarat),1.3470353771901111e-06,1,1,0.0005593467486189711,0.0,2
Vinukonda_Kothapet_D (Andhra Pradesh),1.3470353771901111e-06,1,1,0.0005593467486189711,0.0,2
Mannargudi_Vadasari_D (Tamil Nadu),1.3470353771901111e-06,1,1,0.0005593467486189711,0.0,2
Khambhalia_JdswarRD_D (Gujarat),1.3470353771901111e-06,1,1,0.00040220922490691443,0.0,2
Markapur_VidyaNgr_D (Andhra Pradesh),1.3470353771901111e-06,1,1,0.00040220922490691443,0.0,2
Karad_Mundhe_D (Maharashtra),1.3470353771901111e-06,1,1,0.00040220922490691443,0.0,2
Kallachi_ZamQuatr_D (Kerala),1.3470353771901111e-06,1,1,0.0005593467486189711,0.0,2
Itahar_NatunDPP_D (West Bengal),6.735176885950556e-07,1,1,0.00040220922490691443,0.0,2
Mandsaur_YashDPP_D (Madhya Pradesh),6.735176885950556e-07,1,1,0.0004907147476726602,1.0,2
Khatra_KoralDPP_D (West Bengal),6.735176885950556e-07,1,1,0.00040220922490691443,0.0,2
Paranpur_Nijgan_D (West Bengal),6.735176885950556e-07,1,1,0.00040220922490691443,0.0,2
Malegaon_Rawlgaon_D (Maharashtra),6.735176885950556e-07,1,1,0.00040220922490691443,0.0,2
Hyderabad_Mhdiptnm_C (Telangana),6.735176885950556e-07,1,2,0.00040220922490691443,0.0,3
Mahad_Govndsgr_D (Maharashtra),6.735176885950556e-07,1,1,0.0014304369415032042,1.0,2
Pen_BljiMrkt_D (Maharashtra),6.735176885950556e-07,1,1,0.0014304369415032042,1.0,2
Karkala_MarketRd_D (Karnataka),6.735176885950556e-07,1,1,0.00040220922490691443,0.0,2
Kirauli_AchneraRD_D (Uttar Pradesh),6.735176885950556e-07,2,1,0.00040220922490691443,0.0,3
Vemulawada_Central_DPP_2 (Telangana),6.735176885950556e-07,1,1,0.00040220922490691443,0.0,2
Bhuj_DC (Gujarat),6.735176885950556e-07,1,1,0.00040220922490691443,0.0,2
Mandya_Dc (Karnataka),6.735176885950556e-07,1,1,0.00040220922490691443,0.0,2
Chennai_Sholinganallur_Dc (Tamil Nadu),6.735176885950556e-07,2,1,0.0031812945973320357,0.0,3
Arrah_Katira_D (Bihar),6.735176885950556e-07,1,1,0.00040220922490691443,0.0,2
Karnaprayag_Umalodge_D (Uttarakhand),6.735176885950556e-07,1,1,0.0014304369415032046,1.0,2
Sundargarh_DiyoDPP_D (Orissa),6.735176885950556e-07,1,1,0.00040220922490691443,0.0,2
Barmer_Nehru3PL_D (Rajasthan),6.735176885950556e-07,1,1,0.00040220922490691443,0.0,2
SrinagarUK_Srikot_D (Uttarakhand),6.735176885950556e-07,1,1,0.0014304369415032046,1.0,2
Tulsipur_Central_DPP_1 (Uttar Pradesh),6.735176885950556e-07,1,1,0.00040220922490691443,0.0,2
Bengaluru_Peenya_IP (Karnataka),6.735176885950556e-07,8,5,0.0014334575653990854,0.8333333333333334,13
Betnoti_MhliaDPP_D (Orissa),6.735176885950556e-07,1,1,0.00040220922490691443,0.0,2
Rewari_YuktiDPP_D (Haryana),6.735176885950556e-07,1,1,0.00040220922490691443,0.0,2
Mungeli_Panderia_D (Chhattisgarh),6.735176885950556e-07,1,1,0.00040220922490691443,0.0,2
Guna_HnumnDPP_D (Madhya Pradesh),6.735176885950556e-07,1,1,0.0005040156787310473,1.0,2
Tikamgarh_MndiRoad_D (Madhya Pradesh),6.735176885950556e-07,1,1,0.0015261040413155924,1.0,2
Roha_DataSagr_D (Maharashtra),6.735176885950556e-07,1,1,0.001430436941503204,1.0,2
Bhagalpur_Pbroad_DC (Bihar),6.735176885950556e-07,1,2,0.00040220922490691443,0.0,3
Kakdwip_KlngrDPP_D (West Bengal),6.735176885950556e-07,1,1,0.00040220922490691443,0.0,2
Gosainganj_Pakrela_D (Uttar Pradesh),6.735176885950556e-07,1,1,0.00040220922490691443,0.0,2
Tirchngode_Mhdhvpur_D (Tamil Nadu),6.735176885950556e-07,1,1,0.00040220922490691443,0.0,2
Etah_CivlLine_D (Uttar Pradesh),6.735176885950556e-07,1,1,0.00040220922490691443,0.0,2
Mundakayam_Central_D_1 (Kerala),6.735176885950556e-07,1,1,0.00040220922490691443,0.0,2
Bhandara_KaremDPP_D (Maharashtra),6.735176885950556e-07,1,1,0.00040220922490691443,0.0,2
Jahu_Sulgwan_D (Himachal Pradesh),6.735176885950556e-07,1,1,0.00040220922490691443,0.0,2
Deoli_Central_DPP_2 (Maharashtra),6.735176885950556e-07,1,1,0.00040220922490691443,0.0,2
Didwana_KatlaDPP_D (Rajasthan),6.735176885950556e-07,1,1,0.00040220922490691443,0.0,2
Chamoli_CGRoad_D (Uttarakhand),6.735176885950556e-07,1,1,0.0014304369415032046,1.0,2
Athani_VikrmMah_D (Karnataka),6.735176885950556e-07,1,1,0.00040220922490691443,0.0,2
Dhemaji_WardNo3_D (Assam),6.735176885950556e-07,1,1,0.00040220922490691443,0.0,2
Upleta_AdrshSt_DC (Gujarat),0.0,0,1,0.00021739220466523702,0.0,1
Malda_Central_I_3 (West Bengal),0.0,0,1,0.00021739220466523702,0.0,1
PNQ Vadgaon Sheri DPC (Maharashtra),0.0,3,1,0.00095710906360223,0.0,4
Unjha_DC (Gujarat),0.0,0,1,0.00021739220466523702,0.0,1
Parakkdavu_KeRoad_D (Kerala),0.0,0,1,0.00021739220466523702,0.0,1
Satana_ThrbadRD_D (Maharashtra),0.0,1,0,0.0005593467486189711,0.0,1
Samsi_RatuaDPP_D (West Bengal),0.0,1,0,0.0005593467486189711,0.0,1
Paramakudi_VagaiNgr_D (Tamil Nadu),0.0,0,1,0.00021739220466523702,0.0,1
Shajapur_MhpraRD_D (Madhya Pradesh),0.0,2,0,0.0007878663735881622,0.0,2
PNQ Pashan DPC (Maharashtra),0.0,3,3,0.0009080586176410719,0.0,6
Madhupur_Sitarmrd_D (Jharkhand),0.0,0,1,0.00021739220466523702,0.0,1
Gonda_KotwaliN_D (Uttar Pradesh),0.0,1,0,0.000559346748618971,0.0,1
HazratJandaha_HajiprRD_D (Bihar),0.0,1,0,0.00099566905248161,0.0,1
Usilampatti_MrutiNGR_D (Tamil Nadu),0.0,0,1,0.00021739220466523702,0.0,1
Sankari_Trchngrd_D (Tamil Nadu),0.0,0,1,0.00021739220466523702,0.0,1
Mainaguri_MilpaDPP_D (West Bengal),0.0,0,1,0.00021739220466523702,0.0,1
Makrana_Mwalibad_D (Rajasthan),0.0,0,1,0.00021739220466523702,0.0,1
Shindkheda_KakaCplx_D (Maharashtra),0.0,1,0,0.0007626297067906719,0.0,1
Shadnagar_Central_D_1 (Telangana),0.0,0,2,0.00021739220466523702,0.0,2
Sendhwa_VishnuVhr_D (Madhya Pradesh),0.0,0,1,0.00021739220466523702,0.0,1
Malvan_BllvMarg_D (Maharashtra),0.0,1,0,0.00040220922490691443,0.0,1
Panagarh_Central_D_1 (West Bengal),0.0,0,1,0.00021739220466523702,0.0,1
Tura_Sracmplx_D (Meghalaya),0.0,0,1,0.00021739220466523702,0.0,1
Sawantwadi_LaxmiNgr_D (Maharashtra),0.0,0,1,0.00021739220466523702,0.0,1
Atapadi_Vidyangr_D (Maharashtra),0.0,1,0,0.00039561014513664946,0.0,1
Padrauna_BawliDPPP_D (Uttar Pradesh),0.0,0,1,0.00021739220466523702,0.0,1
Sausar_Central_DPP_1 (Madhya Pradesh),0.0,1,0,0.0006929429614310421,0.0,1
Tumkur_Veersagr_I (Karnataka),0.0,0,2,0.00021739220466523702,0.0,2
Panipat (Haryana),0.0,0,1,0.00021739220466523702,0.0,1
Gobicheti_Ward25_D (Tamil Nadu),0.0,1,0,0.0007327021533552069,0.0,1
Wai_Central_DPP_3 (Maharashtra),0.0,1,0,0.0006481701753116562,0.0,1
Erode (Tamil Nadu),0.0,1,0,0.00040220922490691443,0.0,1
Karnal (Haryana),0.0,1,0,0.00040220922490691443,0.0,1
Banswara_KhandDPP_D (Rajasthan),0.0,1,0,0.0006228850035431056,0.0,1
Vadodara (Gujarat),0.0,0,1,0.00021739220466523702,0.0,1
Salem (Tamil Nadu),0.0,0,1,0.00021739220466523702,0.0,1
Addanki_Oilmilrd_D (Andhra Pradesh),0.0,1,0,0.0006929429614310421,0.0,1
Khanna_DC (Punjab),0.0,1,0,0.0006262803777016315,0.0,1
Ludhiana_GillChwk_DC (Punjab),0.0,0,1,0.00021739220466523702,0.0,1
Pune_North_D_3 (Maharashtra),0.0,0,2,0.00021739220466523702,0.0,2
Lucknow_Indira Nagar (Uttar Pradesh),0.0,1,0,0.00040220922490691443,0.0,1
PNQ Rahatani DPC (Maharashtra),0.0,2,0,0.00040220922490691443,0.0,2
Pune_PC (Maharashtra),0.0,2,2,0.0009092658105181421,0.0,4
Ramanagara_BMRd_DC (Karnataka),0.0,0,1,0.00021739220466523702,0.0,1
Lucknow_Hub (Uttar Pradesh),0.0,0,1,0.00021739220466523702,0.0,1
Nuzvid_Ward17_D (Andhra Pradesh),0.0,1,0,0.0006598836490600659,0.0,1
Talegaon_Central_DPP_4 (Maharashtra),0.0,1,0,0.0005392547659447797,0.0,1
Safidon_HatRDDPP_D (Haryana),0.0,0,1,0.00021739220466523702,0.0,1
Botad_DC (Gujarat),0.0,1,0,0.0006929429614310421,0.0,1
Chandi_SH78_D (Bihar),0.0,1,0,0.0009031704992949472,0.0,1
Vishakhapatnam (Andhra Pradesh),0.0,1,0,0.0004850591221119855,0.0,1
Katihar_Central_D_2 (Bihar),0.0,1,0,0.0005115667155692929,0.0,1
Vrindavan_MathuraRD_D (Uttar Pradesh),0.0,0,1,0.00021739220466523702,0.0,1
Warangal_Central_D_2 (Telangana),0.0,0,1,0.00021739220466523702,0.0,1
Palakollu_CroadDPP_D (Andhra Pradesh),0.0,1,0,0.0007036021361697456,0.0,1
Supaul_SadrHsptl_D (Bihar),0.0,1,1,0.0004599405775235052,1.0,2
Salur_ward9_D (Andhra Pradesh),0.0,1,0,0.0007803295913367608,0.0,1
Pune_Mundhawa_L (Maharashtra),0.0,3,3,0.0008874562525349405,0.0,6
Vijayawada (Andhra Pradesh),0.0,0,1,0.00021739220466523702,0.0,1
Metpally_GunjRDPP_D (Telangana),0.0,1,0,0.0005593467486189711,0.0,1
Bareilly (Uttar Pradesh),0.0,2,0,0.0012541979850579353,0.0,2
Sahatwar_PnchmDPP_D (Uttar Pradesh),0.0,1,0,0.0007003511132143851,0.0,1
Dabhoi_Central_DPP_3 (Gujarat),0.0,1,0,0.00040220922490691443,0.0,1
Nagarcoil_AsrplmRd_DC (Tamil Nadu),0.0,1,0,0.0009136235704125668,0.0,1
Dharuhera_Central_DPP_2 (Haryana),0.0,1,0,0.0005593467486189711,0.0,1
Pathankot_DC (Punjab),0.0,0,1,0.00021739220466523702,0.0,1
Ratanpura_MubarDPP_D (Uttar Pradesh),0.0,0,1,0.00021739220466523702,0.0,1
Pattukotai_anthniyr_D (Tamil Nadu),0.0,0,1,0.00021739220466523702,0.0,1
Namakkal_Rkcomplx_DC (Tamil Nadu),0.0,1,0,0.00040220922490691443,0.0,1
Rasipurm_Knrpati_D (Tamil Nadu),0.0,0,1,0.00021739220466523702,0.0,1
Bokaro_KSClny_DC (Jharkhand),0.0,1,0,0.00042732066024100057,0.0,1
Nellore_DC (Andhra Pradesh),0.0,1,1,0.0003511966532867947,1.0,2
Peterbar_GagiDPP_D (Jharkhand),0.0,0,1,0.00021739220466523702,0.0,1
Phulera_NarenaRD_D (Rajasthan),0.0,0,1,0.00021739220466523702,0.0,1
Chennai_Madhavaram_L (Tamil Nadu),0.0,2,0,0.0006656983760575454,0.0,2
Luxettipet_ShivaDPP_D (Telangana),0.0,0,2,0.00021739220466523702,0.0,2
Rajgarh_SadulDPP_D (Rajasthan),0.0,1,0,0.000780324854539706,0.0,1
Pokhran_SttinDPP_D (Rajasthan),0.0,0,1,0.00021739220466523702,0.0,1
Pudukkotti_Mrthndpr_D (Tamil Nadu),0.0,1,0,0.0009031704992949472,0.0,1
Khargram_BoiDPP_D (West Bengal),0.0,1,0,0.00137287785915502,0.0,1
Badlapur_Bhaluahi_D (Uttar Pradesh),0.0,1,0,0.0006929429614310421,0.0,1
Mumbai_MaladWest_CP (Maharashtra),0.0,0,1,0.00021739220466523702,0.0,1
SikandraRao_JydevNGR_D (Uttar Pradesh),0.0,0,1,0.00021739220466523702,0.0,1
Bina_Srvdycwk_D (Madhya Pradesh),0.0,1,0,0.00040220922490691443,0.0,1
Morbi_DC (Gujarat),0.0,0,1,0.00021739220466523702,0.0,1
Kawardha_TrnsptNGR_D (Chhattisgarh),0.0,1,0,0.0005593467486189711,0.0,1
Murshidabad_Sirjudol_D (West Bengal),0.0,0,1,0.00021739220466523702,0.0,1
Musiri_ThryrRD_D (Tamil Nadu),0.0,0,1,0.00021739220466523702,0.0,1
Sheohar_Ward9DPP_D (Bihar),0.0,1,1,0.0005011572282004295,1.0,2
Moodbidri_MrdiVlge_D (Karnataka),0.0,0,1,0.00021739220466523702,0.0,1
Suratgarh_Central_DPP_2 (Rajasthan),0.0,0,1,0.00021739220466523702,0.0,1
Surat_Varachha_DC (Gujarat),0.0,2,0,0.00034518604584301725,0.0,2
Meerut (Uttar Pradesh),0.0,1,0,0.0006759706671052696,0.0,1
Krishnarajngr_JublieRD_D (Karnataka),0.0,1,0,0.0009744878920626622,0.0,1
Surat_Central_D_9 (Gujarat),0.0,1,0,0.00029878562823805726,0.0,1
Midnapore_Talkui_D (West Bengal),0.0,0,1,0.00021739220466523702,0.0,1
Malerkotla_DC (Punjab),0.0,1,0,0.00044785307317360813,0.0,1
Surat_Central_D_3 (Gujarat),0.0,1,0,0.0002918075809393268,0.0,1
Nagaur_KisanCo_D (Rajasthan),0.0,0,1,0.00021739220466523702,0.0,1
Masaurhi_Blockrd_D (Bihar),0.0,0,1,0.00021739220466523702,0.0,1
Marthandam_Nallur_D (Tamil Nadu),0.0,0,1,0.00021739220466523702,0.0,1
Surat_Central_D_12 (Gujarat),0.0,0,1,0.00021739220466523702,0.0,1
Rajgangpur_Central_D_2 (Orissa),0.0,1,0,0.0005593467486189711,0.0,1
Wankaner_JivanDPP_D (Gujarat),0.0,1,0,0.00040220922490691443,0.0,1
Mungaoli_AshkngRd_D (Madhya Pradesh),0.0,0,1,0.00021739220466523702,0.0,1
Konch_Central_D_2 (Uttar Pradesh),0.0,1,0,0.0007755463307730607,0.0,1
Karukachal_MnimlaRd_D (Kerala),0.0,1,0,0.0005593467486189711,0.0,1
Mumbai_Ghansoli_DC (Maharashtra),0.0,0,1,0.00021739220466523702,0.0,1
Mumbai_Ulhasngr_DC (Maharashtra),0.0,1,0,0.0007455351959023398,0.0,1
Mumbai_Mumbra_DC (Maharashtra),0.0,1,1,0.000551632799525229,0.0,2
Mumbai_Kalyan West _Dc (Maharashtra),0.0,1,1,0.0007830301344283005,0.0,2
Mumbai_Ambernath_Dc (Maharashtra),0.0,0,1,0.00021739220466523702,0.0,1
Thamarassery_Chungam_D (Kerala),0.0,0,1,0.00021739220466523702,0.0,1
Nalasopara (Maharashtra),0.0,2,0,0.0006885891749035478,0.0,2
Mumbai_Panvel_D (Maharashtra),0.0,0,2,0.00021739220466523702,0.0,2
Mumbai Antop Hill (Maharashtra),0.0,0,1,0.00021739220466523702,0.0,1
Khanakul_Ramnagar_D (West Bengal),0.0,1,0,0.0007193000252464554,0.0,1
Mumbai_Sanpada_CP (Maharashtra),0.0,0,1,0.00021739220466523702,0.0,1
Bhiwandi_Mankoli_GW (Maharashtra),0.0,2,0,0.00044948718678289605,0.0,2
Chandauli_ShubsNGR_D (Uttar Pradesh),0.0,1,0,0.00040220922490691443,0.0,1
Mumbai_Khandeshwar_Dc (Maharashtra),0.0,2,0,0.0006663753603879105,0.0,2
Mumbai_Kharghar_D (Maharashtra),0.0,2,0,0.0008066694808989076,0.0,2
MughalSarai_Central_D_2 (Uttar Pradesh),0.0,0,1,0.00021739220466523702,0.0,1
Vikarabad_Central_DPP_2 (Telangana),0.0,1,0,0.0007805943030278425,0.0,1
Mumbai_Vasai_CP (Maharashtra),0.0,0,2,0.00021739220466523702,0.0,2
Mumbai_Virar_DC (Maharashtra),0.0,0,2,0.00021739220466523702,0.0,2
Jairampur_Mdiclcly_D (Arunachal Pradesh),0.0,2,0,0.0005079323637502292,0.0,2
Changlang_Central_D_1 (Arunachal Pradesh),0.0,1,0,0.00042979276211826413,0.0,1
Sunam_DC (Punjab),0.0,0,1,0.00021739220466523702,0.0,1
Nalagarh_Central_DPP_2 (Himachal Pradesh),0.0,0,1,0.00021739220466523702,0.0,1
Tiruchi (Tamil Nadu),0.0,0,2,0.00021739220466523702,0.0,2
Khandela_PlsrdDPP_D (Rajasthan),0.0,1,0,0.00040220922490691443,0.0,1
Tiruchi_Samyaprm_D (Tamil Nadu),0.0,2,0,0.00040220922490691443,0.0,2
SirhindFatehgarh_DC (Punjab),0.0,0,1,0.00021739220466523702,0.0,1
Singrauli_Ward8DPP_D (Madhya Pradesh),0.0,1,0,0.0008065557981091928,0.0,1
Nichlaul_Wardno13_D (Uttar Pradesh),0.0,0,1,0.00021739220466523702,0.0,1
Noida_Chukhndi_D (Uttar Pradesh),0.0,0,2,0.00021739220466523702,0.0,2
Noida_Sec-83_DC (Uttar Pradesh),0.0,1,2,0.0013280466750354668,0.0,3
Kozhenchery_Cherukole_D (Kerala),0.0,1,0,0.0008065557981091928,0.0,1
Kullu_AkhraBzr_D (Himachal Pradesh),0.0,2,0,0.000912263580085914,0.0,2
Sikandrabd_GTRoad_D (Uttar Pradesh),0.0,1,0,0.0014117736923251818,0.0,1
Noida_Surajpur_DC (Uttar Pradesh),0.0,0,1,0.00021739220466523702,0.0,1
Silvassa_Samrvrni_D (Dadra and Nagar Haveli),0.0,1,1,0.0005787373622710251,0.0,2
Trivandrum_Mnanthla_H (Kerala),0.0,0,1,0.00021739220466523702,0.0,1
Mumbai_MhimWest_C (Maharashtra),0.0,0,1,0.00021739220466523702,0.0,1
Gudalur_kalmpuza_D (Tamil Nadu),0.0,1,0,0.0010195962017996419,0.0,1
Manapparai_BypassRd_D (Tamil Nadu),0.0,0,1,0.00021739220466523702,0.0,1
Trivandrum_Pettah_D (Kerala),0.0,0,1,0.00021739220466523702,0.0,1
Bikaner_DC (Rajasthan),0.0,1,0,0.0005289165033639484,0.0,1
NeemKaThana_War5DPP_D (Rajasthan),0.0,0,1,0.00021739220466523702,0.0,1
Rajpura_DC (Punjab),0.0,1,0,0.00040220922490691443,0.0,1
Chanapatna_Central_D_2 (Karnataka),0.0,1,0,0.000559346748618971,0.0,1
Sonipat_Kundli_P (Haryana),0.0,3,0,0.00040220922490691443,0.0,3
Tezu_Farmnala_D (Arunachal Pradesh),0.0,1,0,0.0009420934701144224,0.0,1
Thirukkatupli_Poondi_D (Tamil Nadu),0.0,1,0,0.0006929429614310421,0.0,1
Srirangapatna_Bburynkpl_D (Karnataka),0.0,0,1,0.00021739220466523702,0.0,1
Tilhar_SingCLNY_D (Uttar Pradesh),0.0,0,1,0.00021739220466523702,0.0,1
Naraingarh_Ward2DPP_D (Haryana),0.0,0,1,0.00021739220466523702,0.0,1
Phulpur_Shekhpur_D (Uttar Pradesh),0.0,1,0,0.0006296688350939154,0.0,1
Manmad_Malegaon_D (Maharashtra),0.0,0,1,0.00021739220466523702,0.0,1
Roorkee_IOTCEncl_L (Uttarakhand),0.0,1,0,0.000515117042149298,0.0,1
Narnaul_DC (Haryana),0.0,0,1,0.00021739220466523702,0.0,1
Khagaria_GodamDPP_D (Bihar),0.0,1,0,0.00040220922490691443,0.0,1
Sonipat_AmzonDev_V (Haryana),0.0,0,3,0.00021739220466523702,0.0,3
Jalalabad_farukngr_D (Uttar Pradesh),0.0,1,0,0.00040220922490691443,0.0,1
Narpatganj_Central_DPP_1 (Bihar),0.0,0,1,0.00021739220466523702,0.0,1
Sonari_Central_DPP_1 (Assam),0.0,0,1,0.00021739220466523702,0.0,1
Parwanoo_Central_D_1 (Himachal Pradesh),0.0,1,0,0.0007210309410699706,0.0,1
Manikchak_Enayetpr_D (West Bengal),0.0,0,1,0.00021739220466523702,0.0,1
Naugchia_Vijayght_D (Bihar),0.0,0,1,0.00021739220466523702,0.0,1
Mettur_RTOroad_D (Tamil Nadu),0.0,1,0,0.0005593467486189711,0.0,1
Manbazar_Central_DPP_1 (West Bengal),0.0,0,1,0.00021739220466523702,0.0,1
AMD_Memnagar (Gujarat),0.0,2,2,0.0007235986759272569,0.0,4
Kulithalai_AnnaNGR_D (Tamil Nadu),0.0,1,0,0.000985349191620703,0.0,1
Betamcherla_CmtNgRod_D (Andhra Pradesh),0.0,1,0,0.0008460010710114833,0.0,1
Boisar_OstwlEmp_D (Maharashtra),0.0,2,1,0.001430436941503204,0.0,3
Dahanu_KetyDPP_D (Maharashtra),0.0,1,2,0.0014304369415032042,0.0,3
Helencha_ColnyDPP_D (West Bengal),0.0,1,0,0.0005584115896061958,0.0,1
Brahmapuri_DhnliRth_D (Maharashtra),0.0,0,1,0.00021739220466523702,0.0,1
Gadchiroli_Central_DPP_1 (Maharashtra),0.0,1,0,0.00040220922490691443,0.0,1
Brajrajnagar_LamtiDPP_D (Orissa),0.0,0,1,0.00021739220466523702,0.0,1
Bulndshahr_Ymunpurm_D (Uttar Pradesh),0.0,0,1,0.00021739220466523702,0.0,1
CCU_Beleghta_CP (West Bengal),0.0,0,1,0.00021739220466523702,0.0,1
Kolkata_Dankuni_P (West Bengal),0.0,2,0,0.0005870262451485918,0.0,2
CCU_Beliaghata_DPC (West Bengal),0.0,3,3,0.0010701072260979527,0.0,6
CCU_DumDum_DPC (West Bengal),0.0,2,1,0.0007357474472135325,0.0,3
Mangalore_Kuntikna_H (Karnataka),0.0,3,0,0.00178370334056388,0.0,3
Chandigarh_Mohali (Chandigarh),0.0,3,1,0.0008766309861728225,1.0,4
Chandigarh_Raiprvlg_L (Chandigarh),0.0,2,2,0.0008191562421248781,0.0,4
Kathua_BOB_D (Jammu & Kashmir),0.0,1,0,0.0005458101607786062,0.0,1
Patiala_GainMrkt_L (Punjab),0.0,1,1,0.0005764268507262499,0.0,2
Zirakpur_DC (Punjab),0.0,2,0,0.0006562935794169409,0.0,2
Bobbili_ColegRd_D (Andhra Pradesh),0.0,0,1,0.00021739220466523702,0.0,1
Biswan_PatelNGR_D (Uttar Pradesh),0.0,0,1,0.00021739220466523702,0.0,1
Chennai_Alandur_C (Tamil Nadu),0.0,0,1,0.00021739220466523702,0.0,1
Vansda_CikhliRD_D (Gujarat),0.0,1,1,0.0007369335885864926,0.0,2
Mumbai_Jogeshwri_L (Maharashtra),0.0,3,2,0.0006548377645785498,0.0,5
Mumbai_Jogshwri_I (Maharashtra),0.0,4,3,0.0007857980236651225,0.0,7
Mumbai_MiraRoad_M (Maharashtra),0.0,1,2,0.00032595285445821443,0.0,3
Mumbai_Pawane_L (Maharashtra),0.0,3,2,0.0005979051689357512,0.0,5
Mumbai_Tejpal_I (Maharashtra),0.0,4,0,0.0008434585980442204,0.0,4
Mumbai_Tejpal_M (Maharashtra),0.0,3,0,0.0006237216421096858,0.0,3
Loharu_BstndDPP_D (Haryana),0.0,1,0,0.0006825772435696675,0.0,1
Bhopal MP Nagar (Madhya Pradesh),0.0,1,1,0.00058636916750179,0.0,2
Bhopal_Kolar Mandakni (Madhya Pradesh),0.0,0,2,0.00021739220466523702,0.0,2
Bhopal_Old City (Madhya Pradesh),0.0,0,2,0.00021739220466523702,0.0,2
Berhampur_Khajuria_I (Orissa),0.0,1,0,0.0004306013648680743,0.0,1
Bhubaneshwar_Nayapalli (Orissa),0.0,0,1,0.00021739220466523702,0.0,1
Khurdha_MdhsnDPP_D (Orissa),0.0,1,0,0.00040220922490691443,0.0,1
Nakhatrana_ClgRDDPP_D (Gujarat),0.0,1,0,0.0005593467486189711,0.0,1
Bihta_ShivNgar_D (Bihar),0.0,0,1,0.00021739220466523702,0.0,1
Lakhipur_WrdN4DPP_D (Assam),0.0,1,0,0.0009031704992949471,0.0,1
Valsad_DC (Gujarat),0.0,1,0,0.0006150004066457898,0.0,1
Chandigarh_Raiprkln_C (Chandigarh),0.0,0,1,0.00021739220466523702,0.0,1
Chennai_Chrompet_PC (Tamil Nadu),0.0,3,0,0.0007718432653902693,0.0,3
LakhimpurN_SashPhkn_D (Assam),0.0,0,1,0.00021739220466523702,0.0,1
ChrkhiDdri_PuranDPP_D (Haryana),0.0,0,1,0.00021739220466523702,0.0,1
Sidhi_Padra_D (Madhya Pradesh),0.0,1,0,0.00040220922490691443,0.0,1
Cjb_West_Dc (Tamil Nadu),0.0,0,1,0.00021739220466523702,0.0,1
Cochin_PanditRd_D (Kerala),0.0,0,1,0.00021739220466523702,0.0,1
Jhabua_Ward11_D (Madhya Pradesh),0.0,1,0,0.0008487838541865963,0.0,1
Chamba_Bangotu_D (Himachal Pradesh),0.0,1,0,0.0006929429614310421,0.0,1
Dehradun_Selakui_D (Uttarakhand),0.0,0,1,0.00021739220466523702,0.0,1
DehriSone_Dilliyan_D (Bihar),0.0,0,1,0.00021739220466523702,0.0,1
Delhi_Kishangarh_DPC (Delhi),0.0,2,0,0.00042459173383405764,1.0,2
Delhi_Lajpat_IP (Delhi),0.0,3,0,0.000810448359808696,0.3333333333333333,3
Delhi_North_R_8 (Delhi),0.0,2,0,0.0006215514468594478,0.0,2
Delhi_Rohini_DPC (Delhi),0.0,2,0,0.0005234022523073585,1.0,2
Ghaziabad_Central_L_8 (Uttar Pradesh),0.0,1,0,0.0003639926268650264,0.0,1
OK_RPC (Delhi),0.0,1,0,0.0004931253210592706,0.0,1
Delhi_Bhogal (Delhi),0.0,0,1,0.00021739220466523702,0.0,1
Delhi_Gateway_HB (Delhi),0.0,0,7,0.00021739220466523702,1.0,7
Delhi_Kapshera_L (Delhi),0.0,2,2,0.0005316241260007254,0.0,4
Delhi_Mayapuri_PC (Delhi),0.0,3,1,0.0006780245622122459,0.0,4
Churhat_Central_DPP_1 (Madhya Pradesh),0.0,0,1,0.00021739220466523702,0.0,1
Chotila_Central_D_2 (Gujarat),0.0,0,1,0.00021739220466523702,0.0,1
Chennai_Vandalur_Dc (Tamil Nadu),0.0,1,0,0.0006991290039248029,0.0,1
Khed_Mahad_D (Maharashtra),0.0,1,0,0.0006929429614310421,0.0,1
Chennai_Chrompet_L (Tamil Nadu),0.0,4,3,0.0008709171187501891,0.0,7
Chennai_Egmore_C (Tamil Nadu),0.0,0,1,0.00021739220466523702,0.0,1
Chennai_Egmore_DPC (Tamil Nadu),0.0,3,1,0.0009957388222534102,0.0,4
Chennai_Madhavaram_DPC (Tamil Nadu),0.0,5,2,0.0013945348565839557,1.0,7
Chennai_Mdhavram_C (Tamil Nadu),0.0,0,1,0.00021739220466523702,0.0,1
Chennai_Poonamallee (Tamil Nadu),0.0,0,1,0.00021739220466523702,0.0,1
Chennai_Sriperumbudur_Dc (Tamil Nadu),0.0,1,0,0.00040220922490691443,0.0,1
Chennai_Potheri (Tamil Nadu),0.0,0,2,0.00021739220466523702,0.0,2
Chennai_Thiruvlr_DC (Tamil Nadu),0.0,1,0,0.0009106805300213252,0.0,1
Cherthala_Mulapali_D (Kerala),0.0,0,1,0.00021739220466523702,0.0,1
Chhapra_Prbhunth_D (Bihar),0.0,0,1,0.00021739220466523702,0.0,1
Gopalganj_GopalDPP_D (Bihar),0.0,1,0,0.00040220922490691443,0.0,1
Chhata_GvrdnDPP_D (Uttar Pradesh),0.0,0,1,0.00021739220466523702,0.0,1
Chikmagalur_DC (Karnataka),0.0,0,1,0.00021739220466523702,0.0,1
Chikodi_IndraNgr_D (Karnataka),0.0,0,1,0.00021739220466523702,0.0,1
Chimkurthy_MSRClgRd_D (Andhra Pradesh),0.0,0,1,0.00021739220466523702,0.0,1
Chinnur_AsnsdhRD_D (Telangana),0.0,0,1,0.00021739220466523702,0.0,1
Mumbai_CottonGreen_DPC (Maharashtra),0.0,7,3,0.0014921298391498536,1.0,10
Mumbai_CotnGren_M (Maharashtra),0.0,3,3,0.0006197900331915653,0.0,6
Lonavala_NngrgnRd_D (Maharashtra),0.0,1,1,0.0003480494104813387,0.0,2
Tiruppattur_KoilStrt_D (Tamil Nadu),0.0,1,1,0.0014304369415032046,0.0,2
Bhavnagar_Mahuva_DC (Gujarat),0.0,1,0,0.0008117169170582901,0.0,1
Amritsar_DPC (Punjab),0.0,2,1,0.001324945464052284,1.0,3
Narsiptnm_Wardno8_D (Andhra Pradesh),0.0,1,0,0.0006623587370802865,0.0,1
Anand_VUNagar_DC (Gujarat),0.0,0,1,0.00021739220466523702,0.0,1
Angamaly_CivilStn_D (Kerala),0.0,0,1,0.00021739220466523702,0.0,1
Anjar_DC (Gujarat),0.0,0,1,0.00021739220466523702,0.0,1
Anthiyour_TherSRT_D (Tamil Nadu),0.0,0,1,0.00021739220466523702,0.0,1
Raniganj_Central_DPP_1 (Bihar),0.0,1,0,0.0005584034346308082,0.0,1
Arwal_Rozapar_D (Bihar),0.0,1,0,0.0005593467486189711,0.0,1
Asifabad_PaikjNGR_D (Telangana),0.0,0,1,0.00021739220466523702,0.0,1
Asind_BsStdDPP_D (Rajasthan),0.0,0,1,0.00021739220466523702,0.0,1
Bijapur_KirtiNgr_D (Karnataka),0.0,1,0,0.0005593467486189711,0.0,1
Attur_KaaduRd_D (Tamil Nadu),0.0,1,1,0.0007041629583986571,0.0,2
Aurangabad (Maharashtra),0.0,1,0,0.0008823956355455372,0.0,1
Aurangabad_Pratpngr_D (Maharashtra),0.0,0,1,0.00021739220466523702,0.0,1
Azamgarh_ChtwrDPP_D (Uttar Pradesh),0.0,0,1,0.00021739220466523702,0.0,1
BLR_JPNagar_Pc (Karnataka),0.0,6,4,0.001243853853329807,1.0,10
Amravati_DC (Maharashtra),0.0,0,1,0.00021739220466523702,0.0,1
Ambur_Central_D_2 (Tamil Nadu),0.0,1,1,0.0014304369415032046,0.0,2
Neemrana_Rcocmplx_D (Rajasthan),0.0,1,0,0.00040220922490691443,0.0,1
Ambala (Haryana),0.0,0,1,0.00021739220466523702,0.0,1
AMD_Rakhial (Gujarat),0.0,0,2,0.00021739220466523702,0.0,2
Agra_Central_D_3 (Uttar Pradesh),0.0,0,2,0.00021739220466523702,0.0,2
AMD_Satellite (Gujarat),0.0,2,0,0.0007583511927366962,0.0,2
Amd_Chandkheda_Dc (Gujarat),0.0,2,0,0.0006859252786312611,0.0,2
Amdavad_East (Gujarat),0.0,2,0,0.0006970287850288424,0.0,2
Ahmedabad_Mithakal_D (Gujarat),0.0,0,2,0.00021739220466523702,0.0,2
Ahmedabad_Paldi_D (Gujarat),0.0,0,2,0.00021739220466523702,0.0,2
Airport (Tamil Nadu),0.0,0,1,0.00021739220466523702,0.0,1
Akhnoor_ThthiCwk_D (Jammu & Kashmir),0.0,1,1,0.0014304369415032046,0.0,2
Jammu_Central_I_1 (Jammu & Kashmir),0.0,1,1,0.0014304369415032046,0.0,2
Mehkar_SagarDPP_D (Maharashtra),0.0,1,0,0.0005001680863801288,0.0,1
Aliganj_KaimgnjRD_D (Uttar Pradesh),0.0,0,1,0.00021739220466523702,0.0,1
Allahabad_Phaphamu_DC (Uttar Pradesh),0.0,1,0,0.00032808306951302767,0.0,1
Cochin_Kdvantra_D (Kerala),0.0,2,0,0.0009729846885330925,0.0,2
AmaDubi_Bulabeda_D (West Bengal),0.0,0,1,0.00021739220466523702,0.0,1
Amalapuram_Vijdurg_D (Andhra Pradesh),0.0,0,1,0.00021739220466523702,0.0,1
Bhind_BhrolDPP_D (Madhya Pradesh),0.0,1,0,0.0006383336760149324,0.0,1
BOM_Sakinaka_RP (Maharashtra),0.0,0,1,0.00021739220466523702,0.0,1
Gauribidanur_Gurukrpa_D (Karnataka),0.0,1,0,0.0008065557981091928,0.0,1
Bahadurgarh_DC (Haryana),0.0,1,1,0.0005169548497880883,0.0,2
Bailhongal_NamoNagr_D (Karnataka),0.0,0,1,0.00021739220466523702,0.0,1
Bilara_Central_DPP_2 (Rajasthan),0.0,1,0,0.0008663490806751575,0.0,1
Bengaluru_Bagaluru_D (Karnataka),0.0,0,2,0.00021739220466523702,0.0,2
Bengaluru_Kadugodi_D (Karnataka),0.0,1,2,0.0005210697499897981,0.0,3
Baripada_KalikDPP_D (Orissa),0.0,1,0,0.0005593467486189711,0.0,1
Bewar_BndhuTRH_D (Uttar Pradesh),0.0,0,1,0.00021739220466523702,0.0,1
Radhanpur_Santalpr_D (Gujarat),0.0,1,0,0.0006929429614310421,0.0,1
Bhadrachalam_ITDARd_D (Telangana),0.0,0,1,0.00021739220466523702,0.0,1
Joda_Central_D_1 (Orissa),0.0,2,0,0.0007246363469480156,0.0,2
Kahalgaon_NdiaTola_D (Bihar),0.0,2,0,0.0005593467486189711,0.0,2
Savner_Wagodha_D (Maharashtra),0.0,1,0,0.0005593467486189711,0.0,1
Bhandara_RjnaiDPP_D (Maharashtra),0.0,0,1,0.00021739220466523702,0.0,1
Bayana_LalBagh_D (Rajasthan),0.0,1,0,0.0008154537933490449,0.0,1
Barnala_DC (Punjab),0.0,1,0,0.000597380347744738,0.0,1
Dwarka_StnRoad_DC (Gujarat),0.0,1,0,0.000692942961431042,0.0,1
Bhatpara_TrengaRD_D (Chhattisgarh),0.0,0,1,0.00021739220466523702,0.0,1
Bhind_EtwahDPP_D (Madhya Pradesh),0.0,0,2,0.00021739220466523702,0.0,2
Bhiwadi DC (Rajasthan),0.0,0,1,0.00021739220466523702,0.0,1
Vadipatti_lalaNGR_D (Tamil Nadu),0.0,1,0,0.0009007904337482006,0.0,1
Basti_GndhiNgr_D (Uttar Pradesh),0.0,0,1,0.00021739220466523702,0.0,1
Barpeta_ShivBari_D (Assam),0.0,0,1,0.00021739220466523702,0.0,1
Bengaluru_Kengeri_IP (Karnataka),0.0,7,4,0.0014655738842548984,1.0,11
Gokak_Bsavangr_D (Karnataka),0.0,1,0,0.00040220922490691443,0.0,1
Balasore_Ganeshwr_D (Orissa),0.0,0,1,0.00021739220466523702,0.0,1
Balotra_BsnoiHPL_D (Rajasthan),0.0,0,1,0.00021739220466523702,0.0,1
Balrampur_PBRDDPP_D (Uttar Pradesh),0.0,0,1,0.00021739220466523702,0.0,1
Bengaluru_Banshkri_DC (Karnataka),0.0,4,0,0.0008995246775171106,1.0,4
Bengaluru_Bnnrghta_L (Karnataka),0.0,3,2,0.0007092003460962039,0.0,5
Bengaluru_KHRoad_I (Karnataka),0.0,5,4,0.0011786417931782722,1.0,9
Bengaluru_Peenya_L (Karnataka),0.0,3,2,0.0007697687027936425,0.0,5
Jaisalmer_Gopa3PL_D (Rajasthan),0.0,1,0,0.0005593467486189711,0.0,1
Bhota_BpassDPP_D (Himachal Pradesh),0.0,1,0,0.0006036177246924766,0.0,1
Bethamangala_FshryOFC_D (Karnataka),0.0,1,1,0.00305867240768818,0.0,2
Banka_Wardno6_D (Bihar),0.0,0,1,0.00021739220466523702,0.0,1
Bankura_KeranDPP_D (West Bengal),0.0,0,1,0.00021739220466523702,0.0,1
Bantwal_Trmltmpl_D (Karnataka),0.0,0,1,0.00021739220466523702,0.0,1
Baraut_SrnprHwy_D (Uttar Pradesh),0.0,0,1,0.00021739220466523702,0.0,1
Bareilly_Central_D_2 (Uttar Pradesh),0.0,0,1,0.00021739220466523702,0.0,1
Janakpuri (Delhi),0.0,2,2,0.0018697193700101368,0.0,4
Delhi_PunjabiB_L (Delhi),0.0,1,1,0.00035760429963307267,0.0,2
Delhi_Wazirpur_L (Delhi),0.0,0,1,0.00021739220466523702,0.0,1
Jaipur_NgrNigam_DC (Rajasthan),0.0,2,1,0.0005404483026791693,0.0,3
Jalandhar_DC (Punjab),0.0,0,1,0.00021739220466523702,0.0,1
Phagwara_Lovely_D (Punjab),0.0,1,2,0.0012371270223136834,0.0,3
Jalandhar_Sodal Road (Punjab),0.0,0,3,0.00021739220466523702,1.0,3
Jaleswar_NaturDPP_D (Orissa),0.0,0,1,0.00021739220466523702,0.0,1
Jammu_TrnptNgr_L (Jammu & Kashmir),0.0,0,1,0.00021739220466523702,0.0,1
Samba_Wardno13_D (Jammu & Kashmir),0.0,1,0,0.00040220922490691443,0.0,1
Jamnagar_Dc (Gujarat),0.0,0,1,0.00021739220466523702,0.0,1
Jamshedpur_Central_I_3 (Jharkhand),0.0,1,1,0.00032876199863906815,0.0,2
Jath_Shivprsad_D (Maharashtra),0.0,0,1,0.00021739220466523702,0.0,1
Jhansi_LVMColge_D (Uttar Pradesh),0.0,0,1,0.00021739220466523702,0.0,1
Lalitpur_RjghatRd_D (Uttar Pradesh),0.0,1,0,0.00040220922490691443,0.0,1
Piparcity_BsstdDPP_D (Rajasthan),0.0,1,0,0.0009069984361656227,0.0,1
Jorhat_RicMilRd_D (Assam),0.0,0,1,0.00021739220466523702,0.0,1
Jetpur_DC (Gujarat),0.0,1,0,0.0008997058149044184,0.0,1
Kalwakurthy_VidyaNGR_D (Telangana),0.0,1,1,0.0004520461575737443,1.0,2
Assandh_MhrjaDPP_D (Haryana),0.0,1,0,0.0008809917191177036,0.0,1
CCU_New Alipore_DPC (West Bengal),0.0,3,0,0.0009830088381936894,0.0,3
Jaipur_VarunCly_DC (Rajasthan),0.0,1,1,0.000377253245858117,0.0,2
Jaipur_Central_D_10 (Rajasthan),0.0,1,0,0.0003818207041779135,0.0,1
Hyderabad_Chikdply_I (Telangana),0.0,3,2,0.0018509820557339924,0.0,5
Jaipur_Bhankrot_DC (Rajasthan),0.0,2,0,0.000801152163959007,0.0,2
Hyderabad_Tolichwk_I (Telangana),0.0,3,1,0.0017584049431573078,0.0,4
Patancheru_Ameenpur_I (Telangana),0.0,2,2,0.0011703416804922859,0.0,4
Hyderabad_South_D_4 (Telangana),0.0,0,2,0.00021739220466523702,0.0,2
Hyderabad_South_R_11 (Telangana),0.0,0,1,0.00021739220466523702,0.0,1
Hyderabad_South_D_12 (Telangana),0.0,1,0,0.0005303200015906492,0.0,1
Islampur_Shantanu_D (Maharashtra),0.0,0,1,0.00021739220466523702,0.0,1
Raiganj_SubrtDPP_D (West Bengal),0.0,1,0,0.000559346748618971,0.0,1
Itarsi_DivrsnRd_D (Madhya Pradesh),0.0,0,1,0.00021739220466523702,0.0,1
Katni_Bargawan_DC (Madhya Pradesh),0.0,2,0,0.0008489575190641791,0.0,2
Narsinghpur_KndliDPP_D (Madhya Pradesh),0.0,1,0,0.0004431597746814999,0.0,1
Jagtial_Aravind_D (Telangana),0.0,0,1,0.00021739220466523702,0.0,1
DhrmpuriTS_HanumDPP_D (Telangana),0.0,1,0,0.00040220922490691443,0.0,1
JognderNgr_Dhelu_D (Himachal Pradesh),0.0,1,0,0.0005593467486189711,0.0,1
Jaipur (Rajasthan),0.0,1,1,0.000368770823264209,0.0,2
Ambabadi_DC (Rajasthan),0.0,1,0,0.00042991883668842444,0.0,1
Chaksu_TonkRoad_D (Rajasthan),0.0,1,0,0.00046150174175688563,0.0,1
Dudu_NrainaRD_D (Rajasthan),0.0,1,0,0.00036796775366951956,0.0,1
Kalka_Pinjore_DC (Haryana),0.0,0,1,0.00021739220466523702,0.0,1
Baddi_ByePass_D (Himachal Pradesh),0.0,1,0,0.00040220922490691443,0.0,1
Kuthuparamba_IdstrlAr_D (Kerala),0.0,1,0,0.0006929429614310421,0.0,1
Nedumangad_Arsprmbu_D (Kerala),0.0,1,0,0.0006929429614310421,0.0,1
Khandala_Satara_D (Maharashtra),0.0,0,1,0.00021739220466523702,0.0,1
Jhargram_UBamdDPP_D (West Bengal),0.0,1,0,0.000942298258507733,0.0,1
Simlapal_Central_D_1 (West Bengal),0.0,1,0,0.0005593467486189711,0.0,1
Khonsa_Central_D_1 (Arunachal Pradesh),0.0,0,1,0.00021739220466523702,0.0,1
Parbatsar_AjmhwDPP_D (Rajasthan),0.0,1,0,0.0008948663943672063,0.0,1
Panskura_Central_D_3 (West Bengal),0.0,1,0,0.0007644824528597966,0.0,1
Nipani_AkkolRD_D (Karnataka),0.0,1,0,0.0005744398451231286,0.0,1
CCU_Lake Avenue_DPC (West Bengal),0.0,3,0,0.0007385118620480593,0.0,3
Kolkata_TrtllaRD_L (West Bengal),0.0,3,1,0.0009265332448718489,0.0,4
Kolkata_Narynpur_C (West Bengal),0.0,0,1,0.00021739220466523702,0.0,1
Korba_Tilknagr_DC (Chhattisgarh),0.0,0,1,0.00021739220466523702,0.0,1
Raigarh_MithmdRd_D (Chhattisgarh),0.0,1,0,0.00040220922490691443,0.0,1
Kotputli_LXngrDPP_D (Rajasthan),0.0,0,1,0.00021739220466523702,0.0,1
Koyilandy_Pshrikvu_D (Kerala),0.0,0,1,0.00021739220466523702,0.0,1
Kozhikode_Central_H_4 (Kerala),0.0,0,1,0.00021739220466523702,0.0,1
Kumbakonam_Mettu_DC (Tamil Nadu),0.0,0,1,0.00021739220466523702,0.0,1
Kumta_Central_DPP_2 (Karnataka),0.0,0,1,0.00021739220466523702,0.0,1
Tallada_PtrlBunk_D (Telangana),0.0,1,0,0.0010304237935425196,0.0,1
Kazhakkoottam_Rdiosttn_D (Kerala),0.0,0,1,0.00021739220466523702,0.0,1
Karur (Tamil Nadu),0.0,0,1,0.00021739220466523702,0.0,1
Agra_Idgah_P (Uttar Pradesh),0.0,1,0,0.00033199320288784936,0.0,1
Kilimanoor_Krvnkuzy_D (Kerala),0.0,1,0,0.0006929429614310421,0.0,1
Kalpakkam_Sadras_D (Tamil Nadu),0.0,0,1,0.00021739220466523702,0.0,1
Mananthavady_Central_D_1 (Kerala),0.0,1,0,0.0005447790396290265,0.0,1
Kandi_DohalDPP_D (West Bengal),0.0,0,1,0.00021739220466523702,0.0,1
Kankavali_NrdawDPP_D (Maharashtra),0.0,0,1,0.00021739220466523702,0.0,1
Kanker_KrisnKunj_D (Chhattisgarh),0.0,0,1,0.00021739220466523702,0.0,1
Mahasamund_RajpurRD_D (Chhattisgarh),0.0,1,0,0.00040220922490691443,0.0,1
Kanpur_Central_D_7 (Uttar Pradesh),0.0,2,0,0.0003538633545995842,0.0,2
Dhrmsthala_Beltngdi_D (Karnataka),0.0,1,0,0.0005593467486189711,0.0,1
Kanpur_GovndNgr_DC (Uttar Pradesh),0.0,2,0,0.0003833948165525904,0.0,2
Kanpur_Rawatpur_D (Uttar Pradesh),0.0,2,0,0.0006732282177656179,0.0,2
Unnao_VikasRam_D (Uttar Pradesh),0.0,1,0,0.00033738919193984933,0.0,1
Varanasi_Central_H_4 (Uttar Pradesh),0.0,1,0,0.00030939957989597284,0.0,1
Karanjia_Sarubali_D (Orissa),0.0,0,1,0.00021739220466523702,0.0,1
Karimnagar_DC (Telangana),0.0,0,1,0.00021739220466523702,0.0,1
Mancherial_Hitech_D (Telangana),0.0,1,0,0.0010072180088551554,0.0,1
Hyderabad_North_D_2 (Telangana),0.0,0,2,0.00021739220466523702,0.0,2
Hyderabad_Chikdply_C (Telangana),0.0,0,1,0.00021739220466523702,0.0,1
Deoghar_Barmasia_D (Jharkhand),0.0,0,1,0.00021739220466523702,0.0,1
Palwal (Haryana),0.0,2,1,0.0006251772708993188,0.0,3
Faridabad_Mthurard_L (Haryana),0.0,3,1,0.00077639807656855,0.0,4
Shahabad_KDRoad_D (Uttar Pradesh),0.0,1,0,0.0007648916803812549,0.0,1
Fatepur_NH117_D (West Bengal),0.0,0,1,0.00021739220466523702,0.0,1
GGN_DPC (Haryana),0.0,3,1,0.0006882367050930696,0.0,4
Gadarwara_MPward_D (Madhya Pradesh),0.0,0,1,0.00021739220466523702,0.0,1
Bareli_SourvDPP_D (Madhya Pradesh),0.0,1,0,0.00040220922490691443,0.0,1
Gandhinagar_DC (Gujarat),0.0,0,2,0.00021739220466523702,1.0,2
Sirsa_AnprnDPP_D (Haryana),0.0,1,0,0.0007679408260362135,0.0,1
Gangarampr_FulbaDPP_D (West Bengal),0.0,0,1,0.00021739220466523702,0.0,1
Balurghat_AkhirDPP_D (West Bengal),0.0,1,0,0.00040220922490691443,0.0,1
Ghatal_KrshDPP_D (West Bengal),0.0,0,1,0.00021739220466523702,0.0,1
Hamirpur_KanpurRd_D (Uttar Pradesh),0.0,1,0,0.00043224987292699046,0.0,1
Ghaziabad_MohanNgr_C (Uttar Pradesh),0.0,0,1,0.00021739220466523702,0.0,1
Ghumarwin_Gndhichk_D (Himachal Pradesh),0.0,0,1,0.00021739220466523702,0.0,1
Goa_ZuariNgr_IP (Goa),0.0,0,2,0.00021739220466523702,0.0,2
Goa_Margao_Dc (Goa),0.0,1,0,0.0002926132885813715,0.0,1
Goa_Ponda_Dc (Goa),0.0,1,0,0.00032698814099077993,0.0,1
Faizabad_TrnspNgr_D (Uttar Pradesh),0.0,0,1,0.00021739220466523702,0.0,1
Faridabad_MohnVRTL_D (Haryana),0.0,1,0,0.00043274615236578017,0.0,1
Hyderabad_Shamshbd_P (Telangana),0.0,4,0,0.0009289807891023258,0.0,4
Faridabad_Blbgarh_DC (Haryana),0.0,2,1,0.0006071406237389651,0.0,3
Yavatmal_JajuDPP_D (Maharashtra),0.0,1,0,0.0005593467486189711,0.0,1
Salempur_Banjaria_D (Uttar Pradesh),0.0,1,0,0.0009092025482379349,0.0,1
Giridih_Shivalya_D (Jharkhand),0.0,1,0,0.0010887477180147843,0.0,1
Dhar_Trimurti_D (Madhya Pradesh),0.0,0,1,0.00021739220466523702,0.0,1
Dharmapuri_Central_D_2 (Tamil Nadu),0.0,0,1,0.00021739220466523702,0.0,1
Silapathar_Hejunagr_D (Assam),0.0,1,0,0.0005593467486189711,0.0,1
Dhone_RmNyrDPP_D (Andhra Pradesh),0.0,0,1,0.00021739220466523702,0.0,1
Chalisgaon_BhadgDPP_D (Maharashtra),0.0,1,0,0.00032477491071841616,0.0,1
Duliajan_StatonRd_D (Assam),0.0,1,0,0.0004234269900561965,0.0,1
Sujangarh_LdnunDPP_D (Rajasthan),0.0,1,0,0.0005593467486189711,0.0,1
Bikramgang_Dehrird_D (Bihar),0.0,1,0,0.0007913188206013593,0.0,1
CoochBehar_Psthrjhr_D (West Bengal),0.0,1,0,0.00043373120029141076,0.0,1
Pundibari_StatonRD_D (West Bengal),0.0,1,0,0.0004766039658048684,0.0,1
Duddhi_MChwkDPP_D (Uttar Pradesh),0.0,0,1,0.00021739220466523702,0.0,1
Eluru_Agraharm_DC (Andhra Pradesh),0.0,0,1,0.00021739220466523702,0.0,1
Jalesar_ChngiDPP_D (Uttar Pradesh),0.0,1,0,0.0005593467486189711,0.0,1
Faridabad (Haryana),0.0,2,2,0.0006004313395295582,0.0,4
Dhaurahara_TahsilRD_D (Uttar Pradesh),0.0,1,0,0.0008065557981091927,0.0,1
Gomoh_KhsmiDPP_D (Jharkhand),0.0,0,1,0.00021739220466523702,0.0,1
Gondia_RamNgr_D (Maharashtra),0.0,0,1,0.00021739220466523702,0.0,1
Balaghat_Kosmi_D (Madhya Pradesh),0.0,1,0,0.00040220922490691443,0.0,1
Guwahati_North (Assam),0.0,0,1,0.00021739220466523702,0.0,1
Guwahati_UzanBazr_DC (Assam),0.0,0,2,0.00021739220466523702,0.0,2
Bengaluru_NwYlhnka_DC (Karnataka),0.0,3,0,0.0007311829839623977,0.0,3
Haldwani_PiliKoti_D (Uttarakhand),0.0,1,1,0.0010835211616153086,0.0,2
Hamirpur_GutmgrCl_D (Himachal Pradesh),0.0,0,1,0.00021739220466523702,0.0,1
Pilibanga_BsstdDPP_D (Rajasthan),0.0,1,0,0.0005291906434954888,0.0,1
Hapur_Swargash_D (Uttar Pradesh),0.0,1,1,0.0011965448968619314,0.0,2
Kotdwara_Nzbadrd_D (Uttarakhand),0.0,1,1,0.0007518027122193832,0.0,2
Rishikesh_DC (Uttarakhand),0.0,1,1,0.0006280238078961802,0.0,2
Haripad_Kumrpurm_D (Kerala),0.0,0,1,0.00021739220466523702,0.0,1
Tiptur_YTRd_D (Karnataka),0.0,1,0,0.0004814635906021183,0.0,1
Ratia_SchdvDPP_D (Haryana),0.0,1,0,0.00046830278736736876,0.0,1
Hisar_IndstlAr_I (Haryana),0.0,0,1,0.00021739220466523702,0.0,1
Dharwad_Dc (Karnataka),0.0,1,0,0.0009622069102320431,0.0,1
Hunsur_RatnaDPP_D (Karnataka),0.0,0,1,0.00021739220466523702,0.0,1
Hyderabad_Alwal_L (Telangana),0.0,3,3,0.002541842123674176,0.0,6
Hyderabad_Bownplly_C (Telangana),0.0,0,1,0.00021739220466523702,0.0,1
Guwahati_Jalukbari (Assam),0.0,0,1,0.00021739220466523702,0.0,1
Shillong (Meghalaya),0.0,1,0,0.0006182313626510325,0.0,1
Rangia_HosptlRd_D (Assam),0.0,1,0,0.0006022663779918738,0.0,1
Dholpur_GtRoad_D (Rajasthan),0.0,2,0,0.0007230393379594108,0.0,2
Akbarpur_Auliyapr_D (Uttar Pradesh),0.0,1,0,0.0005593467486189711,0.0,1
Gotan_DKLogDPP_D (Rajasthan),0.0,0,1,0.00021739220466523702,0.0,1
GreaterThane_Anjur_C (Maharashtra),0.0,0,1,0.00021739220466523702,0.0,1
Gurgaon_Begumpur_CP (Haryana),0.0,0,2,0.00021739220466523702,0.0,2
Gurgaon_Bilaspur_P (Haryana),0.0,2,0,0.00040220922490691443,0.0,2
Delhi_Jhilmil_L (Delhi),0.0,2,0,0.0006196082813303174,0.0,2
Delhi_Nangli_L (Delhi),0.0,1,0,0.00037816171205316894,0.0,1
Jaipur_RIICO_L (Rajasthan),0.0,1,1,0.00036921950276650286,0.0,2
Guwahati_Sixmile (Assam),0.0,1,2,0.0004413012212912945,0.0,3
Meham_GModDPP_D (Haryana),0.0,1,0,0.00041161622078153407,0.0,1
Noida_Sector63_L (Uttar Pradesh),0.0,3,2,0.0009842177616895972,0.0,5
Gurgaon_Bilaspur_RP (Haryana),0.0,0,1,0.00021739220466523702,0.0,1
KN_RPC (Delhi),0.0,1,0,0.00040220922490691443,0.0,1
Gurgaon_Kadipur (Haryana),0.0,0,1,0.00021739220466523702,0.0,1
Gurgaon_Manesar (Haryana),0.0,1,0,0.00040220922490691443,0.0,1
Edappal_PonaniRD_D (Kerala),0.0,1,0,0.0007051849760934596,0.0,1
Wardha_RamaNgr_D (Maharashtra),0.0,0,1,0.00021739220466523702,0.0,1
